كود المحافظة,كود المدينة,المدينة,كود المنطقة,المنطقة,كود الحي,الحي,كود المجاورة,المجاورة, رقم القطعة , مساحة القطعة , نسبة التميز , عدد القطع المتاحة 
21,1,6 أكتوبر,1,الحي المتميز بجوار اتحاد الكرة,1,الحى المتميز,1,بجوار اتحاد الكرة, 558 , 600 , 1.190 , 1 
21,1,6 أكتوبر,1,الحي المتميز بجوار اتحاد الكرة,1,الحى المتميز,1,بجوار اتحاد الكرة, 560 , 600 , 1.200 , 1 
21,1,6 أكتوبر,1,الحي المتميز بجوار اتحاد الكرة,1,الحى المتميز,1,بجوار اتحاد الكرة, 568 , 833 , 1.150 , 1 
21,1,6 أكتوبر,1,الحي المتميز بجوار اتحاد الكرة,1,الحى المتميز,1,بجوار اتحاد الكرة, 569 , 600 , 1.170 , 1 
21,1,6 أكتوبر,1,الحي المتميز بجوار اتحاد الكرة,1,الحى المتميز,1,بجوار اتحاد الكرة, 570 , 600 , 1.170 , 1 
21,1,6 أكتوبر,1,الحي المتميز بجوار اتحاد الكرة,1,الحى المتميز,1,بجوار اتحاد الكرة, 572 , 600 , 1.180 , 1 
21,1,6 أكتوبر,1,الحي المتميز بجوار اتحاد الكرة,1,الحى المتميز,1,بجوار اتحاد الكرة, 583 , 600 , 1.140 , 1 
21,1,6 أكتوبر,1,الحي المتميز بجوار اتحاد الكرة,1,الحى المتميز,1,بجوار اتحاد الكرة, 585 , 600 , 1.140 , 1 
21,1,6 أكتوبر,1,الحي المتميز بجوار اتحاد الكرة,1,الحى المتميز,1,بجوار اتحاد الكرة, 587 , 600 , 1.140 , 1 
21,1,6 أكتوبر,1,الحي المتميز بجوار اتحاد الكرة,1,الحى المتميز,1,بجوار اتحاد الكرة, 599 , 600 , 1.170 , 1 
21,1,6 أكتوبر,1,الحي المتميز بجوار اتحاد الكرة,1,الحى المتميز,1,بجوار اتحاد الكرة, 610 , 600 , 1.170 , 1 
21,1,6 أكتوبر,1,الحي المتميز بجوار اتحاد الكرة,1,الحى المتميز,1,بجوار اتحاد الكرة, 611 , 514 , 1.190 , 1 
21,1,6 أكتوبر,1,الحي المتميز بجوار اتحاد الكرة,1,الحى المتميز,1,بجوار اتحاد الكرة, 612 , 529 , 1.190 , 1 
21,1,6 أكتوبر,1,الحي المتميز بجوار اتحاد الكرة,1,الحى المتميز,1,بجوار اتحاد الكرة, 617 , 605 , 1.130 , 1 
21,1,6 أكتوبر,1,الحي المتميز بجوار اتحاد الكرة,1,الحى المتميز,1,بجوار اتحاد الكرة, 627 , 600 , 1.130 , 1 
21,1,6 أكتوبر,1,الحي المتميز بجوار اتحاد الكرة,1,الحى المتميز,1,بجوار اتحاد الكرة, 628 , 600 , 1.130 , 1 
21,1,6 أكتوبر,1,الحي المتميز بجوار اتحاد الكرة,1,الحى المتميز,1,بجوار اتحاد الكرة, 630 , 600 , 1.150 , 1 
21,1,6 أكتوبر,1,الحي المتميز بجوار اتحاد الكرة,1,الحى المتميز,1,بجوار اتحاد الكرة, 634 , 600 , 1.130 , 1 
21,1,6 أكتوبر,2,منطقة محصورة بين المنطقة السياحية الشمالية الثانية والثالثة بجوار نادي الصيد,1,منطقة محصورة بين المنطقة السياحية الشمالية الثانية والثالثة,1,بجوار نادى الصيد, 3 ," 1,015 ", 1.220 , 1 
21,1,6 أكتوبر,2,منطقة محصورة بين المنطقة السياحية الشمالية الثانية والثالثة بجوار نادي الصيد,1,منطقة محصورة بين المنطقة السياحية الشمالية الثانية والثالثة,1,بجوار نادى الصيد, 4 ," 1,015 ", 1.220 , 1 
21,1,6 أكتوبر,2,منطقة محصورة بين المنطقة السياحية الشمالية الثانية والثالثة بجوار نادي الصيد,1,منطقة محصورة بين المنطقة السياحية الشمالية الثانية والثالثة,1,بجوار نادى الصيد, 5 ," 1,015 ", 1.220 , 1 
21,1,6 أكتوبر,2,منطقة محصورة بين المنطقة السياحية الشمالية الثانية والثالثة بجوار نادي الصيد,1,منطقة محصورة بين المنطقة السياحية الشمالية الثانية والثالثة,1,بجوار نادى الصيد, 6 ," 1,015 ", 1.220 , 1 
21,1,6 أكتوبر,2,منطقة محصورة بين المنطقة السياحية الشمالية الثانية والثالثة بجوار نادي الصيد,1,منطقة محصورة بين المنطقة السياحية الشمالية الثانية والثالثة,1,بجوار نادى الصيد, 7 , 893 , 1.220 , 1 
21,1,6 أكتوبر,2,منطقة محصورة بين المنطقة السياحية الشمالية الثانية والثالثة بجوار نادي الصيد,1,منطقة محصورة بين المنطقة السياحية الشمالية الثانية والثالثة,1,بجوار نادى الصيد, 8 , 750 , 1.210 , 1 
21,1,6 أكتوبر,2,منطقة محصورة بين المنطقة السياحية الشمالية الثانية والثالثة بجوار نادي الصيد,1,منطقة محصورة بين المنطقة السياحية الشمالية الثانية والثالثة,1,بجوار نادى الصيد, 10 , 760 , 1.210 , 1 
21,1,6 أكتوبر,2,منطقة محصورة بين المنطقة السياحية الشمالية الثانية والثالثة بجوار نادي الصيد,1,منطقة محصورة بين المنطقة السياحية الشمالية الثانية والثالثة,1,بجوار نادى الصيد, 12 , 760 , 1.210 , 1 
21,1,6 أكتوبر,2,منطقة محصورة بين المنطقة السياحية الشمالية الثانية والثالثة بجوار نادي الصيد,1,منطقة محصورة بين المنطقة السياحية الشمالية الثانية والثالثة,1,بجوار نادى الصيد, 13 , 760 , 1.220 , 1 
21,1,6 أكتوبر,2,منطقة محصورة بين المنطقة السياحية الشمالية الثانية والثالثة بجوار نادي الصيد,1,منطقة محصورة بين المنطقة السياحية الشمالية الثانية والثالثة,1,بجوار نادى الصيد, 15 , 760 , 1.210 , 1 
21,1,6 أكتوبر,2,منطقة محصورة بين المنطقة السياحية الشمالية الثانية والثالثة بجوار نادي الصيد,1,منطقة محصورة بين المنطقة السياحية الشمالية الثانية والثالثة,1,بجوار نادى الصيد, 16 , 760 , 1.210 , 1 
21,1,6 أكتوبر,2,منطقة محصورة بين المنطقة السياحية الشمالية الثانية والثالثة بجوار نادي الصيد,1,منطقة محصورة بين المنطقة السياحية الشمالية الثانية والثالثة,1,بجوار نادى الصيد, 19 , 760 , 1.220 , 1 
21,1,6 أكتوبر,2,منطقة محصورة بين المنطقة السياحية الشمالية الثانية والثالثة بجوار نادي الصيد,1,منطقة محصورة بين المنطقة السياحية الشمالية الثانية والثالثة,1,بجوار نادى الصيد, 20 , 760 , 1.220 , 1 
21,1,6 أكتوبر,2,منطقة محصورة بين المنطقة السياحية الشمالية الثانية والثالثة بجوار نادي الصيد,1,منطقة محصورة بين المنطقة السياحية الشمالية الثانية والثالثة,1,بجوار نادى الصيد, 22 , 760 , 1.210 , 1 
21,1,6 أكتوبر,2,منطقة محصورة بين المنطقة السياحية الشمالية الثانية والثالثة بجوار نادي الصيد,1,منطقة محصورة بين المنطقة السياحية الشمالية الثانية والثالثة,1,بجوار نادى الصيد, 24 , 760 , 1.210 , 1 
21,1,6 أكتوبر,2,منطقة محصورة بين المنطقة السياحية الشمالية الثانية والثالثة بجوار نادي الصيد,1,منطقة محصورة بين المنطقة السياحية الشمالية الثانية والثالثة,1,بجوار نادى الصيد, 25 , 760 , 1.220 , 1 
21,1,6 أكتوبر,2,منطقة محصورة بين المنطقة السياحية الشمالية الثانية والثالثة بجوار نادي الصيد,1,منطقة محصورة بين المنطقة السياحية الشمالية الثانية والثالثة,1,بجوار نادى الصيد, 26 , 760 , 1.220 , 1 
21,1,6 أكتوبر,2,منطقة محصورة بين المنطقة السياحية الشمالية الثانية والثالثة بجوار نادي الصيد,1,منطقة محصورة بين المنطقة السياحية الشمالية الثانية والثالثة,1,بجوار نادى الصيد, 32 , 700 , 1.220 , 1 
21,1,6 أكتوبر,2,منطقة محصورة بين المنطقة السياحية الشمالية الثانية والثالثة بجوار نادي الصيد,1,منطقة محصورة بين المنطقة السياحية الشمالية الثانية والثالثة,1,بجوار نادى الصيد, 34 , 700 , 1.210 , 1 
21,1,6 أكتوبر,2,منطقة محصورة بين المنطقة السياحية الشمالية الثانية والثالثة بجوار نادي الصيد,1,منطقة محصورة بين المنطقة السياحية الشمالية الثانية والثالثة,1,بجوار نادى الصيد, 36 , 700 , 1.220 , 1 
21,1,6 أكتوبر,2,منطقة محصورة بين المنطقة السياحية الشمالية الثانية والثالثة بجوار نادي الصيد,1,منطقة محصورة بين المنطقة السياحية الشمالية الثانية والثالثة,1,بجوار نادى الصيد, 37 , 700 , 1.220 , 1 
21,1,6 أكتوبر,2,منطقة محصورة بين المنطقة السياحية الشمالية الثانية والثالثة بجوار نادي الصيد,1,منطقة محصورة بين المنطقة السياحية الشمالية الثانية والثالثة,1,بجوار نادى الصيد, 38 , 700 , 1.210 , 1 
21,1,6 أكتوبر,2,منطقة محصورة بين المنطقة السياحية الشمالية الثانية والثالثة بجوار نادي الصيد,1,منطقة محصورة بين المنطقة السياحية الشمالية الثانية والثالثة,1,بجوار نادى الصيد, 39 , 700 , 1.210 , 1 
21,1,6 أكتوبر,2,منطقة محصورة بين المنطقة السياحية الشمالية الثانية والثالثة بجوار نادي الصيد,1,منطقة محصورة بين المنطقة السياحية الشمالية الثانية والثالثة,1,بجوار نادى الصيد, 41 , 700 , 1.220 , 1 
21,1,6 أكتوبر,2,منطقة محصورة بين المنطقة السياحية الشمالية الثانية والثالثة بجوار نادي الصيد,1,منطقة محصورة بين المنطقة السياحية الشمالية الثانية والثالثة,1,بجوار نادى الصيد, 42 , 700 , 1.220 , 1 
21,1,6 أكتوبر,2,منطقة محصورة بين المنطقة السياحية الشمالية الثانية والثالثة بجوار نادي الصيد,1,منطقة محصورة بين المنطقة السياحية الشمالية الثانية والثالثة,1,بجوار نادى الصيد, 43 , 700 , 1.210 , 1 
21,1,6 أكتوبر,2,منطقة محصورة بين المنطقة السياحية الشمالية الثانية والثالثة بجوار نادي الصيد,1,منطقة محصورة بين المنطقة السياحية الشمالية الثانية والثالثة,1,بجوار نادى الصيد, 44 , 700 , 1.210 , 1 
21,1,6 أكتوبر,2,منطقة محصورة بين المنطقة السياحية الشمالية الثانية والثالثة بجوار نادي الصيد,1,منطقة محصورة بين المنطقة السياحية الشمالية الثانية والثالثة,1,بجوار نادى الصيد, 45 , 700 , 1.210 , 1 
21,1,6 أكتوبر,2,منطقة محصورة بين المنطقة السياحية الشمالية الثانية والثالثة بجوار نادي الصيد,1,منطقة محصورة بين المنطقة السياحية الشمالية الثانية والثالثة,1,بجوار نادى الصيد, 46 , 682 , 1.220 , 1 
21,1,6 أكتوبر,2,منطقة محصورة بين المنطقة السياحية الشمالية الثانية والثالثة بجوار نادي الصيد,1,منطقة محصورة بين المنطقة السياحية الشمالية الثانية والثالثة,1,بجوار نادى الصيد, 47 , 780 , 1.260 , 1 
21,1,6 أكتوبر,2,منطقة محصورة بين المنطقة السياحية الشمالية الثانية والثالثة بجوار نادي الصيد,1,منطقة محصورة بين المنطقة السياحية الشمالية الثانية والثالثة,1,بجوار نادى الصيد, 49 , 701 , 1.220 , 1 
21,1,6 أكتوبر,2,منطقة محصورة بين المنطقة السياحية الشمالية الثانية والثالثة بجوار نادي الصيد,1,منطقة محصورة بين المنطقة السياحية الشمالية الثانية والثالثة,1,بجوار نادى الصيد, 50 , 699 , 1.220 , 1 
21,1,6 أكتوبر,2,منطقة محصورة بين المنطقة السياحية الشمالية الثانية والثالثة بجوار نادي الصيد,1,منطقة محصورة بين المنطقة السياحية الشمالية الثانية والثالثة,1,بجوار نادى الصيد, 54 , 660 , 1.210 , 1 
21,1,6 أكتوبر,2,منطقة محصورة بين المنطقة السياحية الشمالية الثانية والثالثة بجوار نادي الصيد,1,منطقة محصورة بين المنطقة السياحية الشمالية الثانية والثالثة,1,بجوار نادى الصيد, 55 , 665 , 1.220 , 1 
21,1,6 أكتوبر,2,منطقة محصورة بين المنطقة السياحية الشمالية الثانية والثالثة بجوار نادي الصيد,1,منطقة محصورة بين المنطقة السياحية الشمالية الثانية والثالثة,1,بجوار نادى الصيد, 56 , 672 , 1.220 , 1 
21,1,6 أكتوبر,2,منطقة محصورة بين المنطقة السياحية الشمالية الثانية والثالثة بجوار نادي الصيد,1,منطقة محصورة بين المنطقة السياحية الشمالية الثانية والثالثة,1,بجوار نادى الصيد, 57 , 677 , 1.210 , 1 
21,1,6 أكتوبر,2,منطقة محصورة بين المنطقة السياحية الشمالية الثانية والثالثة بجوار نادي الصيد,1,منطقة محصورة بين المنطقة السياحية الشمالية الثانية والثالثة,1,بجوار نادى الصيد, 60 , 811 , 1.210 , 1 
21,1,6 أكتوبر,2,منطقة محصورة بين المنطقة السياحية الشمالية الثانية والثالثة بجوار نادي الصيد,1,منطقة محصورة بين المنطقة السياحية الشمالية الثانية والثالثة,1,بجوار نادى الصيد, 61 , 818 , 1.210 , 1 
21,1,6 أكتوبر,2,منطقة محصورة بين المنطقة السياحية الشمالية الثانية والثالثة بجوار نادي الصيد,1,منطقة محصورة بين المنطقة السياحية الشمالية الثانية والثالثة,1,بجوار نادى الصيد, 62 , 824 , 1.210 , 1 
21,1,6 أكتوبر,2,منطقة محصورة بين المنطقة السياحية الشمالية الثانية والثالثة بجوار نادي الصيد,1,منطقة محصورة بين المنطقة السياحية الشمالية الثانية والثالثة,1,بجوار نادى الصيد, 63 , 830 , 1.220 , 1 
21,1,6 أكتوبر,2,منطقة محصورة بين المنطقة السياحية الشمالية الثانية والثالثة بجوار نادي الصيد,1,منطقة محصورة بين المنطقة السياحية الشمالية الثانية والثالثة,1,بجوار نادى الصيد, 65 , 844 , 1.210 , 1 
21,1,6 أكتوبر,2,منطقة محصورة بين المنطقة السياحية الشمالية الثانية والثالثة بجوار نادي الصيد,1,منطقة محصورة بين المنطقة السياحية الشمالية الثانية والثالثة,1,بجوار نادى الصيد, 67 , 857 , 1.210 , 1 
21,1,6 أكتوبر,2,منطقة محصورة بين المنطقة السياحية الشمالية الثانية والثالثة بجوار نادي الصيد,1,منطقة محصورة بين المنطقة السياحية الشمالية الثانية والثالثة,1,بجوار نادى الصيد, 68 , 863 , 1.220 , 1 
21,1,6 أكتوبر,2,منطقة محصورة بين المنطقة السياحية الشمالية الثانية والثالثة بجوار نادي الصيد,1,منطقة محصورة بين المنطقة السياحية الشمالية الثانية والثالثة,1,بجوار نادى الصيد, 71 , 866 , 1.220 , 1 
21,1,6 أكتوبر,2,منطقة محصورة بين المنطقة السياحية الشمالية الثانية والثالثة بجوار نادي الصيد,1,منطقة محصورة بين المنطقة السياحية الشمالية الثانية والثالثة,1,بجوار نادى الصيد, 72 , 863 , 1.220 , 1 
21,1,6 أكتوبر,2,منطقة محصورة بين المنطقة السياحية الشمالية الثانية والثالثة بجوار نادي الصيد,1,منطقة محصورة بين المنطقة السياحية الشمالية الثانية والثالثة,1,بجوار نادى الصيد, 73 , 861 , 1.220 , 1 
21,1,6 أكتوبر,2,منطقة محصورة بين المنطقة السياحية الشمالية الثانية والثالثة بجوار نادي الصيد,1,منطقة محصورة بين المنطقة السياحية الشمالية الثانية والثالثة,1,بجوار نادى الصيد, 75 , 857 , 1.220 , 1 
21,1,6 أكتوبر,2,منطقة محصورة بين المنطقة السياحية الشمالية الثانية والثالثة بجوار نادي الصيد,1,منطقة محصورة بين المنطقة السياحية الشمالية الثانية والثالثة,1,بجوار نادى الصيد, 103 , 410 , 1.160 , 1 
21,1,6 أكتوبر,2,منطقة محصورة بين المنطقة السياحية الشمالية الثانية والثالثة بجوار نادي الصيد,1,منطقة محصورة بين المنطقة السياحية الشمالية الثانية والثالثة,1,بجوار نادى الصيد, 104 , 457 , 1.110 , 1 
21,1,6 أكتوبر,2,منطقة محصورة بين المنطقة السياحية الشمالية الثانية والثالثة بجوار نادي الصيد,1,منطقة محصورة بين المنطقة السياحية الشمالية الثانية والثالثة,1,بجوار نادى الصيد, 106 , 450 , 1.110 , 1 
28,17,اسوان الجديدة,1,منطقة الشريط السياحي,1,الشريط السياحى,1,الشريط السياحى, 22 , 450 , 1.140 , 1 
28,17,اسوان الجديدة,1,منطقة الشريط السياحي,1,الشريط السياحى,1,الشريط السياحى, 34 , 425 , 1.100 , 1 
28,17,اسوان الجديدة,1,منطقة الشريط السياحي,1,الشريط السياحى,1,الشريط السياحى, 52 , 467 , 1.060 , 1 
28,17,اسوان الجديدة,1,منطقة الشريط السياحي,1,الشريط السياحى,1,الشريط السياحى, 53 , 457 , 1.060 , 1 
28,17,اسوان الجديدة,1,منطقة الشريط السياحي,1,الشريط السياحى,1,الشريط السياحى, 54 , 457 , 1.060 , 1 
28,17,اسوان الجديدة,1,منطقة الشريط السياحي,1,الشريط السياحى,1,الشريط السياحى, 55 , 457 , 1.060 , 1 
28,17,اسوان الجديدة,1,منطقة الشريط السياحي,1,الشريط السياحى,1,الشريط السياحى, 56 , 454 , 1.060 , 1 
28,17,اسوان الجديدة,1,منطقة الشريط السياحي,1,الشريط السياحى,1,الشريط السياحى, 57 , 460 , 1.100 , 1 
28,17,اسوان الجديدة,1,منطقة الشريط السياحي,1,الشريط السياحى,1,الشريط السياحى, 58 , 457 , 1.100 , 1 
28,17,اسوان الجديدة,1,منطقة الشريط السياحي,1,الشريط السياحى,1,الشريط السياحى, 59 , 453 , 1.100 , 1 
28,17,اسوان الجديدة,1,منطقة الشريط السياحي,1,الشريط السياحى,1,الشريط السياحى, 60 , 463 , 1.100 , 1 
28,17,اسوان الجديدة,1,منطقة الشريط السياحي,1,الشريط السياحى,1,الشريط السياحى, 61 , 457 , 1.100 , 1 
28,17,اسوان الجديدة,1,منطقة الشريط السياحي,1,الشريط السياحى,1,الشريط السياحى, 62 , 575 , 1.100 , 1 
28,17,اسوان الجديدة,1,منطقة الشريط السياحي,1,الشريط السياحى,1,الشريط السياحى, 63 , 528 , 1.100 , 1 
28,17,اسوان الجديدة,1,منطقة الشريط السياحي,1,الشريط السياحى,1,الشريط السياحى, 66 , 370 , 1.120 , 1 
28,17,اسوان الجديدة,1,منطقة الشريط السياحي,1,الشريط السياحى,1,الشريط السياحى, 68 , 532 , 1.120 , 1 
28,17,اسوان الجديدة,1,منطقة الشريط السياحي,1,الشريط السياحى,1,الشريط السياحى, 69 , 530 , 1.120 , 1 
28,17,اسوان الجديدة,1,منطقة الشريط السياحي,1,الشريط السياحى,1,الشريط السياحى, 70 , 507 , 1.060 , 1 
28,17,اسوان الجديدة,1,منطقة الشريط السياحي,1,الشريط السياحى,1,الشريط السياحى, 71 , 450 , 1.100 , 1 
28,17,اسوان الجديدة,1,منطقة الشريط السياحي,1,الشريط السياحى,1,الشريط السياحى, 76 , 450 , 1.040 , 1 
13,96,العاشر من رمضان,1,الحي المتميز رقم 28 منطقة 5,28,28,5,5, 41 , 525 , 1.120 , 1 
13,96,العاشر من رمضان,1,الحي المتميز رقم 28 منطقة 5,28,28,5,5, 42 , 525 , 1.100 , 1 
13,96,العاشر من رمضان,1,الحي المتميز رقم 28 منطقة 5,28,28,5,5, 43 , 533 , 1.100 , 1 
13,96,العاشر من رمضان,1,الحي المتميز رقم 28 منطقة 5,28,28,5,5, 44 , 533 , 1.120 , 1 
13,96,العاشر من رمضان,1,الحي المتميز رقم 28 منطقة 5,28,28,5,5, 45 , 533 , 1.100 , 1 
13,96,العاشر من رمضان,1,الحي المتميز رقم 28 منطقة 5,28,28,5,5, 46 , 500 , 1.100 , 1 
13,96,العاشر من رمضان,1,الحي المتميز رقم 28 منطقة 5,28,28,5,5, 47 , 500 , 1.120 , 1 
13,96,العاشر من رمضان,1,الحي المتميز رقم 28 منطقة 5,28,28,5,5, 48 , 692 , 1.230 , 1 
13,96,العاشر من رمضان,1,الحي المتميز رقم 28 منطقة 5,28,28,5,5, 49 , 564 , 1.160 , 1 
13,96,العاشر من رمضان,1,الحي المتميز رقم 28 منطقة 5,28,28,5,5, 50 , 500 , 1.100 , 1 
13,96,العاشر من رمضان,1,الحي المتميز رقم 28 منطقة 5,28,28,5,5, 51 , 500 , 1.100 , 1 
13,96,العاشر من رمضان,1,الحي المتميز رقم 28 منطقة 5,28,28,5,5, 52 , 500 , 1.100 , 1 
13,96,العاشر من رمضان,1,الحي المتميز رقم 28 منطقة 5,28,28,5,5, 53 , 500 , 1.100 , 1 
13,96,العاشر من رمضان,1,الحي المتميز رقم 28 منطقة 5,28,28,5,5, 54 , 500 , 1.100 , 1 
13,96,العاشر من رمضان,1,الحي المتميز رقم 28 منطقة 5,28,28,5,5, 55 , 500 , 1.100 , 1 
13,96,العاشر من رمضان,1,الحي المتميز رقم 28 منطقة 5,28,28,5,5, 56 , 500 , 1.160 , 1 
13,96,العاشر من رمضان,1,الحي المتميز رقم 28 منطقة 5,28,28,5,5, 57 , 500 , 1.160 , 1 
13,96,العاشر من رمضان,1,الحي المتميز رقم 28 منطقة 5,28,28,5,5, 58 , 500 , 1.100 , 1 
13,96,العاشر من رمضان,1,الحي المتميز رقم 28 منطقة 5,28,28,5,5, 59 , 536 , 1.100 , 1 
13,96,العاشر من رمضان,1,الحي المتميز رقم 28 منطقة 5,28,28,5,5, 60 , 536 , 1.160 , 1 
13,96,العاشر من رمضان,1,الحي المتميز رقم 28 منطقة 5,28,28,5,5, 61 , 536 , 1.120 , 1 
13,96,العاشر من رمضان,1,الحي المتميز رقم 28 منطقة 5,28,28,5,5, 62 , 500 , 1.120 , 1 
13,96,العاشر من رمضان,1,الحي المتميز رقم 28 منطقة 5,28,28,5,5, 63 , 500 , 1.120 , 1 
13,96,العاشر من رمضان,1,الحي المتميز رقم 28 منطقة 5,28,28,5,5, 64 , 500 , 1.155 , 1 
13,96,العاشر من رمضان,1,الحي المتميز رقم 28 منطقة 5,28,28,5,5, 65 , 500 , 1.120 , 1 
13,96,العاشر من رمضان,1,الحي المتميز رقم 28 منطقة 5,28,28,5,5, 66 , 500 , 1.060 , 1 
13,96,العاشر من رمضان,1,الحي المتميز رقم 28 منطقة 5,28,28,5,5, 67 , 500 , 1.060 , 1 
13,96,العاشر من رمضان,1,الحي المتميز رقم 28 منطقة 5,28,28,5,5, 68 , 513 , 1.060 , 1 
13,96,العاشر من رمضان,1,الحي المتميز رقم 28 منطقة 5,28,28,5,5, 69 , 513 , 1.060 , 1 
13,96,العاشر من رمضان,1,الحي المتميز رقم 28 منطقة 5,28,28,5,5, 70 , 500 , 1.060 , 1 
13,96,العاشر من رمضان,1,الحي المتميز رقم 28 منطقة 5,28,28,5,5, 71 , 500 , 1.100 , 1 
13,96,العاشر من رمضان,1,الحي المتميز رقم 28 منطقة 5,28,28,5,5, 72 , 500 , 1.100 , 1 
13,96,العاشر من رمضان,1,الحي المتميز رقم 28 منطقة 5,28,28,5,5, 73 , 500 , 1.060 , 1 
13,96,العاشر من رمضان,1,الحي المتميز رقم 28 منطقة 5,28,28,5,5, 74 , 500 , 1.060 , 1 
13,96,العاشر من رمضان,1,الحي المتميز رقم 28 منطقة 5,28,28,5,5, 75 , 500 , 1.060 , 1 
13,96,العاشر من رمضان,1,الحي المتميز رقم 28 منطقة 5,28,28,5,5, 76 , 500 , 1.060 , 1 
13,96,العاشر من رمضان,1,الحي المتميز رقم 28 منطقة 5,28,28,5,5, 77 , 500 , 1.020 , 1 
13,96,العاشر من رمضان,1,الحي المتميز رقم 28 منطقة 5,28,28,5,5, 78 , 680 , 1.120 , 1 
13,96,العاشر من رمضان,1,الحي المتميز رقم 28 منطقة 5,28,28,5,5, 79 , 525 , 1.160 , 1 
13,96,العاشر من رمضان,1,الحي المتميز رقم 28 منطقة 5,28,28,5,5, 80 , 500 , 1.060 , 1 
13,96,العاشر من رمضان,1,الحي المتميز رقم 28 منطقة 5,28,28,5,5, 81 , 500 , 1.060 , 1 
13,96,العاشر من رمضان,1,الحي المتميز رقم 28 منطقة 5,28,28,5,5, 82 , 500 , 1.060 , 1 
13,96,العاشر من رمضان,1,الحي المتميز رقم 28 منطقة 5,28,28,5,5, 83 , 500 , 1.060 , 1 
13,96,العاشر من رمضان,1,الحي المتميز رقم 28 منطقة 5,28,28,5,5, 84 , 500 , 1.060 , 1 
13,96,العاشر من رمضان,1,الحي المتميز رقم 28 منطقة 5,28,28,5,5, 85 , 500 , 1.060 , 1 
13,96,العاشر من رمضان,1,الحي المتميز رقم 28 منطقة 5,28,28,5,5, 86 , 500 , 1.060 , 1 
13,96,العاشر من رمضان,1,الحي المتميز رقم 28 منطقة 5,28,28,5,5, 87 , 533 , 1.120 , 1 
13,96,العاشر من رمضان,1,الحي المتميز رقم 28 منطقة 5,28,28,5,5, 88 , 529 , 1.120 , 1 
13,96,العاشر من رمضان,1,الحي المتميز رقم 28 منطقة 5,28,28,5,5, 89 , 500 , 1.060 , 1 
13,96,العاشر من رمضان,1,الحي المتميز رقم 28 منطقة 5,28,28,5,5, 90 , 500 , 1.060 , 1 
13,96,العاشر من رمضان,1,الحي المتميز رقم 28 منطقة 5,28,28,5,5, 91 , 500 , 1.060 , 1 
13,96,العاشر من رمضان,1,الحي المتميز رقم 28 منطقة 5,28,28,5,5, 92 , 500 , 1.060 , 1 
13,96,العاشر من رمضان,1,الحي المتميز رقم 28 منطقة 5,28,28,5,5, 93 , 500 , 1.060 , 1 
13,96,العاشر من رمضان,1,الحي المتميز رقم 28 منطقة 5,28,28,5,5, 94 , 500 , 1.060 , 1 
13,96,العاشر من رمضان,1,الحي المتميز رقم 28 منطقة 5,28,28,5,5, 95 , 641 , 1.160 , 1 
13,96,العاشر من رمضان,1,الحي المتميز رقم 28 منطقة 5,28,28,5,5, 96 , 519 , 1.120 , 1 
13,96,العاشر من رمضان,1,الحي المتميز رقم 28 منطقة 5,28,28,5,5, 97 , 541 , 1.060 , 1 
13,96,العاشر من رمضان,1,الحي المتميز رقم 28 منطقة 5,28,28,5,5, 98 , 541 , 1.060 , 1 
13,96,العاشر من رمضان,1,الحي المتميز رقم 28 منطقة 5,28,28,5,5, 99 , 518 , 1.120 , 1 
13,96,العاشر من رمضان,1,الحي المتميز رقم 28 منطقة 5,28,28,5,5, 100 , 530 , 1.180 , 1 
13,96,العاشر من رمضان,1,الحي المتميز رقم 28 منطقة 5,28,28,5,5, 101 , 500 , 1.080 , 1 
13,96,العاشر من رمضان,1,الحي المتميز رقم 28 منطقة 5,28,28,5,5, 102 , 500 , 1.080 , 1 
13,96,العاشر من رمضان,1,الحي المتميز رقم 28 منطقة 5,28,28,5,5, 103 , 500 , 1.080 , 1 
13,96,العاشر من رمضان,1,الحي المتميز رقم 28 منطقة 5,28,28,5,5, 104 , 500 , 1.080 , 1 
13,96,العاشر من رمضان,1,الحي المتميز رقم 28 منطقة 5,28,28,5,5, 105 , 500 , 1.080 , 1 
13,96,العاشر من رمضان,1,الحي المتميز رقم 28 منطقة 5,28,28,5,5, 106 , 500 , 1.115 , 1 
13,96,العاشر من رمضان,1,الحي المتميز رقم 28 منطقة 5,28,28,5,5, 107 , 540 , 1.115 , 1 
13,96,العاشر من رمضان,1,الحي المتميز رقم 28 منطقة 5,28,28,5,5, 108 , 540 , 1.120 , 1 
13,96,العاشر من رمضان,1,الحي المتميز رقم 28 منطقة 5,28,28,5,5, 109 , 540 , 1.060 , 1 
13,96,العاشر من رمضان,1,الحي المتميز رقم 28 منطقة 5,28,28,5,5, 110 , 540 , 1.080 , 1 
13,96,العاشر من رمضان,1,الحي المتميز رقم 28 منطقة 5,28,28,5,5, 111 , 540 , 1.080 , 1 
13,96,العاشر من رمضان,1,الحي المتميز رقم 28 منطقة 5,28,28,5,5, 112 , 500 , 1.080 , 1 
13,96,العاشر من رمضان,1,الحي المتميز رقم 28 منطقة 5,28,28,5,5, 113 , 500 , 1.020 , 1 
13,96,العاشر من رمضان,1,الحي المتميز رقم 28 منطقة 5,28,28,5,5, 114 , 500 , 1.020 , 1 
13,96,العاشر من رمضان,1,الحي المتميز رقم 28 منطقة 5,28,28,5,5, 115 , 500 , 1.060 , 1 
13,96,العاشر من رمضان,1,الحي المتميز رقم 28 منطقة 5,28,28,5,5, 116 , 500 , 1.020 , 1 
13,96,العاشر من رمضان,1,الحي المتميز رقم 28 منطقة 5,28,28,5,5, 117 , 455 , 1.120 , 1 
13,96,العاشر من رمضان,1,الحي المتميز رقم 28 منطقة 5,28,28,5,5, 118 , 459 , 1.160 , 1 
13,96,العاشر من رمضان,1,الحي المتميز رقم 28 منطقة 5,28,28,5,5, 119 , 500 , 1.060 , 1 
13,96,العاشر من رمضان,1,الحي المتميز رقم 28 منطقة 5,28,28,5,5, 120 , 500 , 1.100 , 1 
13,96,العاشر من رمضان,1,الحي المتميز رقم 28 منطقة 5,28,28,5,5, 121 , 500 , 1.100 , 1 
13,96,العاشر من رمضان,1,الحي المتميز رقم 28 منطقة 5,28,28,5,5, 122 , 500 , 1.100 , 1 
13,96,العاشر من رمضان,1,الحي المتميز رقم 28 منطقة 5,28,28,5,5, 123 , 500 , 1.160 , 1 
13,96,العاشر من رمضان,1,الحي المتميز رقم 28 منطقة 5,28,28,5,5, 124 , 574 , 1.160 , 1 
13,96,العاشر من رمضان,1,الحي المتميز رقم 28 منطقة 5,28,28,5,5, 125 , 574 , 1.100 , 1 
13,96,العاشر من رمضان,1,الحي المتميز رقم 28 منطقة 5,28,28,5,5, 126 , 574 , 1.160 , 1 
13,96,العاشر من رمضان,1,الحي المتميز رقم 28 منطقة 5,28,28,5,5, 127 , 500 , 1.120 , 1 
13,96,العاشر من رمضان,1,الحي المتميز رقم 28 منطقة 5,28,28,5,5, 128 , 500 , 1.060 , 1 
13,96,العاشر من رمضان,1,الحي المتميز رقم 28 منطقة 5,28,28,5,5, 129 , 500 , 1.020 , 1 
13,96,العاشر من رمضان,1,الحي المتميز رقم 28 منطقة 5,28,28,5,5, 130 , 500 , 1.020 , 1 
13,96,العاشر من رمضان,1,الحي المتميز رقم 28 منطقة 5,28,28,5,5, 131 , 500 , 1.060 , 1 
13,96,العاشر من رمضان,1,الحي المتميز رقم 28 منطقة 5,28,28,5,5, 132 , 500 , 1.020 , 1 
13,96,العاشر من رمضان,1,الحي المتميز رقم 28 منطقة 5,28,28,5,5, 133 , 527 , 1.160 , 1 
13,96,العاشر من رمضان,1,الحي المتميز رقم 28 منطقة 5,28,28,5,5, 134 , 652 , 1.160 , 1 
13,96,العاشر من رمضان,1,الحي المتميز رقم 28 منطقة 5,28,28,5,5, 135 , 500 , 1.100 , 1 
13,96,العاشر من رمضان,1,الحي المتميز رقم 28 منطقة 5,28,28,5,5, 136 , 500 , 1.100 , 1 
13,96,العاشر من رمضان,1,الحي المتميز رقم 28 منطقة 5,28,28,5,5, 137 , 542 , 1.140 , 1 
13,96,العاشر من رمضان,1,الحي المتميز رقم 28 منطقة 5,28,28,5,5, 138 , 542 , 1.160 , 1 
13,96,العاشر من رمضان,1,الحي المتميز رقم 28 منطقة 5,28,28,5,5, 139 , 542 , 1.200 , 1 
13,96,العاشر من رمضان,1,الحي المتميز رقم 28 منطقة 5,28,28,5,5, 140 , 542 , 1.120 , 1 
13,96,العاشر من رمضان,1,الحي المتميز رقم 28 منطقة 5,28,28,5,5, 141 , 542 , 1.100 , 1 
13,96,العاشر من رمضان,1,الحي المتميز رقم 28 منطقة 5,28,28,5,5, 142 , 500 , 1.060 , 1 
13,96,العاشر من رمضان,1,الحي المتميز رقم 28 منطقة 5,28,28,5,5, 143 , 500 , 1.060 , 1 
13,96,العاشر من رمضان,1,الحي المتميز رقم 28 منطقة 5,28,28,5,5, 144 , 500 , 1.060 , 1 
13,96,العاشر من رمضان,1,الحي المتميز رقم 28 منطقة 5,28,28,5,5, 145 , 699 , 1.120 , 1 
13,96,العاشر من رمضان,1,الحي المتميز رقم 28 منطقة 5,28,28,5,5, 146 , 597 , 1.120 , 1 
13,96,العاشر من رمضان,1,الحي المتميز رقم 28 منطقة 5,28,28,5,5, 147 , 500 , 1.060 , 1 
13,96,العاشر من رمضان,1,الحي المتميز رقم 28 منطقة 5,28,28,5,5, 148 , 500 , 1.020 , 1 
13,96,العاشر من رمضان,1,الحي المتميز رقم 28 منطقة 5,28,28,5,5, 149 , 500 , 1.020 , 1 
13,96,العاشر من رمضان,1,الحي المتميز رقم 28 منطقة 5,28,28,5,5, 150 , 576 , 1.020 , 1 
13,96,العاشر من رمضان,1,الحي المتميز رقم 28 منطقة 5,28,28,5,5, 151 , 576 , 1.020 , 1 
13,96,العاشر من رمضان,1,الحي المتميز رقم 28 منطقة 5,28,28,5,5, 152 , 576 , 1.020 , 1 
13,96,العاشر من رمضان,1,الحي المتميز رقم 28 منطقة 5,28,28,5,5, 153 , 500 , 1.020 , 1 
13,96,العاشر من رمضان,1,الحي المتميز رقم 28 منطقة 5,28,28,5,5, 154 , 500 , 1.020 , 1 
13,96,العاشر من رمضان,1,الحي المتميز رقم 28 منطقة 5,28,28,5,5, 155 , 648 , 1.080 , 1 
13,96,العاشر من رمضان,1,الحي المتميز رقم 28 منطقة 5,28,28,5,5, 156 , 504 , 1.120 , 1 
13,96,العاشر من رمضان,1,الحي المتميز رقم 28 منطقة 5,28,28,5,5, 157 , 500 , 1.060 , 1 
13,96,العاشر من رمضان,1,الحي المتميز رقم 28 منطقة 5,28,28,5,5, 158 , 500 , 1.060 , 1 
13,96,العاشر من رمضان,1,الحي المتميز رقم 28 منطقة 5,28,28,5,5, 159 , 527 , 1.120 , 1 
13,96,العاشر من رمضان,1,الحي المتميز رقم 28 منطقة 5,28,28,5,5, 160 , 579 , 1.120 , 1 
13,96,العاشر من رمضان,1,الحي المتميز رقم 28 منطقة 5,28,28,5,5, 161 , 500 , 1.060 , 1 
13,96,العاشر من رمضان,1,الحي المتميز رقم 28 منطقة 5,28,28,5,5, 162 , 500 , 1.060 , 1 
13,96,العاشر من رمضان,1,الحي المتميز رقم 28 منطقة 5,28,28,5,5, 163 , 501 , 1.120 , 1 
13,96,العاشر من رمضان,1,الحي المتميز رقم 28 منطقة 5,28,28,5,5, 164 , 574 , 1.160 , 1 
13,96,العاشر من رمضان,1,الحي المتميز رقم 28 منطقة 5,28,28,5,5, 165 , 500 , 1.060 , 1 
13,96,العاشر من رمضان,1,الحي المتميز رقم 28 منطقة 5,28,28,5,5, 166 , 500 , 1.060 , 1 
13,96,العاشر من رمضان,1,الحي المتميز رقم 28 منطقة 5,28,28,5,5, 167 , 500 , 1.060 , 1 
13,96,العاشر من رمضان,1,الحي المتميز رقم 28 منطقة 5,28,28,5,5, 168 , 500 , 1.080 , 1 
13,96,العاشر من رمضان,1,الحي المتميز رقم 28 منطقة 5,28,28,5,5, 169 , 542 , 1.120 , 1 
13,96,العاشر من رمضان,1,الحي المتميز رقم 28 منطقة 5,28,28,5,5, 170 , 542 , 1.120 , 1 
13,96,العاشر من رمضان,1,الحي المتميز رقم 28 منطقة 5,28,28,5,5, 171 , 542 , 1.140 , 1 
13,96,العاشر من رمضان,1,الحي المتميز رقم 28 منطقة 5,28,28,5,5, 172 , 542 , 1.120 , 1 
13,96,العاشر من رمضان,1,الحي المتميز رقم 28 منطقة 5,28,28,5,5, 173 , 542 , 1.100 , 1 
13,96,العاشر من رمضان,1,الحي المتميز رقم 28 منطقة 5,28,28,5,5, 174 , 500 , 1.060 , 1 
13,96,العاشر من رمضان,1,الحي المتميز رقم 28 منطقة 5,28,28,5,5, 175 , 500 , 1.060 , 1 
13,96,العاشر من رمضان,1,الحي المتميز رقم 28 منطقة 5,28,28,5,5, 176 , 586 , 1.120 , 1 
13,96,العاشر من رمضان,1,الحي المتميز رقم 28 منطقة 5,28,28,5,5, 177 , 590 , 1.160 , 1 
13,96,العاشر من رمضان,1,الحي المتميز رقم 28 منطقة 5,28,28,5,5, 178 , 500 , 1.100 , 1 
13,96,العاشر من رمضان,1,الحي المتميز رقم 28 منطقة 5,28,28,5,5, 179 , 500 , 1.100 , 1 
13,96,العاشر من رمضان,1,الحي المتميز رقم 28 منطقة 5,28,28,5,5, 180 , 576 , 1.100 , 1 
13,96,العاشر من رمضان,1,الحي المتميز رقم 28 منطقة 5,28,28,5,5, 181 , 576 , 1.100 , 1 
13,96,العاشر من رمضان,1,الحي المتميز رقم 28 منطقة 5,28,28,5,5, 182 , 576 , 1.140 , 1 
13,96,العاشر من رمضان,1,الحي المتميز رقم 28 منطقة 5,28,28,5,5, 183 , 500 , 1.080 , 1 
13,96,العاشر من رمضان,1,الحي المتميز رقم 28 منطقة 5,28,28,5,5, 184 , 500 , 1.060 , 1 
13,96,العاشر من رمضان,1,الحي المتميز رقم 28 منطقة 5,28,28,5,5, 185 , 500 , 1.060 , 1 
13,96,العاشر من رمضان,1,الحي المتميز رقم 28 منطقة 5,28,28,5,5, 186 , 500 , 1.020 , 1 
13,96,العاشر من رمضان,1,الحي المتميز رقم 28 منطقة 5,28,28,5,5, 187 , 574 , 1.120 , 1 
13,96,العاشر من رمضان,1,الحي المتميز رقم 28 منطقة 5,28,28,5,5, 188 , 602 , 1.120 , 1 
13,96,العاشر من رمضان,1,الحي المتميز رقم 28 منطقة 5,28,28,5,5, 189 , 500 , 1.060 , 1 
13,96,العاشر من رمضان,1,الحي المتميز رقم 28 منطقة 5,28,28,5,5, 190 , 500 , 1.060 , 1 
13,96,العاشر من رمضان,1,الحي المتميز رقم 28 منطقة 5,28,28,5,5, 191 , 578 , 1.060 , 1 
13,96,العاشر من رمضان,1,الحي المتميز رقم 28 منطقة 5,28,28,5,5, 192 , 578 , 1.060 , 1 
13,96,العاشر من رمضان,1,الحي المتميز رقم 28 منطقة 5,28,28,5,5, 193 , 578 , 1.080 , 1 
13,96,العاشر من رمضان,1,الحي المتميز رقم 28 منطقة 5,28,28,5,5, 194 , 500 , 1.120 , 1 
13,96,العاشر من رمضان,1,الحي المتميز رقم 28 منطقة 5,28,28,5,5, 195 , 500 , 1.060 , 1 
13,96,العاشر من رمضان,1,الحي المتميز رقم 28 منطقة 5,28,28,5,5, 196 , 500 , 1.060 , 1 
13,96,العاشر من رمضان,1,الحي المتميز رقم 28 منطقة 5,28,28,5,5, 197 , 500 , 1.020 , 1 
13,96,العاشر من رمضان,1,الحي المتميز رقم 28 منطقة 5,28,28,5,5, 198 , 567 , 1.120 , 1 
13,96,العاشر من رمضان,1,الحي المتميز رقم 28 منطقة 5,28,28,5,5, 199 , 563 , 1.155 , 1 
13,96,العاشر من رمضان,1,الحي المتميز رقم 28 منطقة 5,28,28,5,5, 200 , 500 , 1.080 , 1 
13,96,العاشر من رمضان,1,الحي المتميز رقم 28 منطقة 5,28,28,5,5, 201 , 500 , 1.080 , 1 
13,96,العاشر من رمضان,1,الحي المتميز رقم 28 منطقة 5,28,28,5,5, 202 , 500 , 1.080 , 1 
13,96,العاشر من رمضان,1,الحي المتميز رقم 28 منطقة 5,28,28,5,5, 203 , 500 , 1.075 , 1 
13,96,العاشر من رمضان,1,الحي المتميز رقم 28 منطقة 5,28,28,5,5, 204 , 680 , 1.115 , 1 
13,96,العاشر من رمضان,1,الحي المتميز رقم 28 منطقة 5,28,28,5,5, 205 , 680 , 1.200 , 1 
13,96,العاشر من رمضان,1,الحي المتميز رقم 28 منطقة 5,28,28,5,5, 206 , 680 , 1.200 , 1 
13,96,العاشر من رمضان,1,الحي المتميز رقم 28 منطقة 5,28,28,5,5, 207 , 680 , 1.100 , 1 
13,96,العاشر من رمضان,1,الحي المتميز رقم 28 منطقة 5,28,28,5,5, 208 , 500 , 1.060 , 1 
13,96,العاشر من رمضان,1,الحي المتميز رقم 28 منطقة 5,28,28,5,5, 209 , 500 , 1.060 , 1 
13,96,العاشر من رمضان,1,الحي المتميز رقم 28 منطقة 5,28,28,5,5, 210 , 602 , 1.120 , 1 
14,20,العبور,4,الحي الترفيهي,1,الترفيهي,1,25016, 2 ," 1,063 ", 1.130 , 1 
14,20,العبور,3,الحي الخامس,5,الخامس,56,16056, 3 , 604 , 1.130 , 1 
14,20,العبور,3,الحي الخامس,5,الخامس,56,16056, 4 , 604 , 1.130 , 1 
14,20,العبور,3,الحي الخامس,5,الخامس,69,16069, 27 , 600 , 1.090 , 1 
14,20,العبور,3,الحي الخامس,5,الخامس,78,16078, 9 , 600 , 1.190 , 1 
14,20,العبور,2,الحي الرابع,4,الرابع,59,19059, 11 , 794 , 1.130 , 1 
14,20,العبور,2,الحي الرابع,4,الرابع,34,19034, 1 , 672 , 1.230 , 1 
14,20,العبور,2,الحي الرابع,4,الرابع,16,19016, 15 , 625 , 1.150 , 1 
14,20,العبور,1,الحي التاسع,9,التاسع,64,18064, 3 , 864 , 1.130 , 1 
14,20,العبور,1,الحي التاسع,9,التاسع,72,18072, 8 , 825 , 1.130 , 1 
14,20,العبور,1,الحي التاسع,9,التاسع,73,18073, 7 , 886 , 1.110 , 1 
14,20,العبور,1,الحي التاسع,9,التاسع,74,18074, 11 , 805 , 1.150 , 1 
14,20,العبور,1,الحي التاسع,9,التاسع,56,18056, 11 , 864 , 1.090 , 1 
14,20,العبور,1,الحي التاسع,9,التاسع,57,18057, 5 , 896 , 1.170 , 1 
1,5,القاهرة الجديدة,1,الحي الرابع مشروع بيت الوطن,4,الحى الرابع - مشروع بيت الوطن,1,Q, 1 ," 1,244 ", 1.190 , 1 
1,5,القاهرة الجديدة,1,الحي الرابع مشروع بيت الوطن,4,الحى الرابع - مشروع بيت الوطن,1,Q, 2 ," 1,434 ", 1.120 , 1 
1,5,القاهرة الجديدة,1,الحي الرابع مشروع بيت الوطن,4,الحى الرابع - مشروع بيت الوطن,1,Q, 3 , 948 , 1.060 , 1 
1,5,القاهرة الجديدة,1,الحي الرابع مشروع بيت الوطن,4,الحى الرابع - مشروع بيت الوطن,1,Q, 4 , 948 , 1.080 , 1 
1,5,القاهرة الجديدة,1,الحي الرابع مشروع بيت الوطن,4,الحى الرابع - مشروع بيت الوطن,1,Q, 5 ," 1,010 ", 1.080 , 1 
1,5,القاهرة الجديدة,1,الحي الرابع مشروع بيت الوطن,4,الحى الرابع - مشروع بيت الوطن,1,Q, 6 ," 1,010 ", 1.060 , 1 
1,5,القاهرة الجديدة,1,الحي الرابع مشروع بيت الوطن,4,الحى الرابع - مشروع بيت الوطن,1,Q, 7 ," 1,424 ", 1.160 , 1 
1,5,القاهرة الجديدة,1,الحي الرابع مشروع بيت الوطن,4,الحى الرابع - مشروع بيت الوطن,1,Q, 8 ," 1,253 ", 1.230 , 1 
1,5,القاهرة الجديدة,1,الحي الرابع مشروع بيت الوطن,4,الحى الرابع - مشروع بيت الوطن,1,Q, 9 , 587 , 1.190 , 1 
1,5,القاهرة الجديدة,1,الحي الرابع مشروع بيت الوطن,4,الحى الرابع - مشروع بيت الوطن,1,Q, 10 , 540 , 1.120 , 1 
1,5,القاهرة الجديدة,1,الحي الرابع مشروع بيت الوطن,4,الحى الرابع - مشروع بيت الوطن,1,Q, 11 , 540 , 1.120 , 1 
1,5,القاهرة الجديدة,1,الحي الرابع مشروع بيت الوطن,4,الحى الرابع - مشروع بيت الوطن,1,Q, 12 , 540 , 1.120 , 1 
1,5,القاهرة الجديدة,1,الحي الرابع مشروع بيت الوطن,4,الحى الرابع - مشروع بيت الوطن,1,Q, 13 , 540 , 1.120 , 1 
1,5,القاهرة الجديدة,1,الحي الرابع مشروع بيت الوطن,4,الحى الرابع - مشروع بيت الوطن,1,Q, 14 , 540 , 1.150 , 1 
1,5,القاهرة الجديدة,1,الحي الرابع مشروع بيت الوطن,4,الحى الرابع - مشروع بيت الوطن,1,Q, 15 , 570 , 1.150 , 1 
1,5,القاهرة الجديدة,1,الحي الرابع مشروع بيت الوطن,4,الحى الرابع - مشروع بيت الوطن,1,Q, 16 , 570 , 1.120 , 1 
1,5,القاهرة الجديدة,1,الحي الرابع مشروع بيت الوطن,4,الحى الرابع - مشروع بيت الوطن,1,Q, 17 , 570 , 1.120 , 1 
1,5,القاهرة الجديدة,1,الحي الرابع مشروع بيت الوطن,4,الحى الرابع - مشروع بيت الوطن,1,Q, 18 , 585 , 1.150 , 1 
1,5,القاهرة الجديدة,1,الحي الرابع مشروع بيت الوطن,4,الحى الرابع - مشروع بيت الوطن,1,Q, 19 , 540 , 1.150 , 1 
1,5,القاهرة الجديدة,1,الحي الرابع مشروع بيت الوطن,4,الحى الرابع - مشروع بيت الوطن,1,Q, 20 , 540 , 1.120 , 1 
1,5,القاهرة الجديدة,1,الحي الرابع مشروع بيت الوطن,4,الحى الرابع - مشروع بيت الوطن,1,Q, 21 , 540 , 1.120 , 1 
1,5,القاهرة الجديدة,1,الحي الرابع مشروع بيت الوطن,4,الحى الرابع - مشروع بيت الوطن,1,Q, 22 , 540 , 1.120 , 1 
1,5,القاهرة الجديدة,1,الحي الرابع مشروع بيت الوطن,4,الحى الرابع - مشروع بيت الوطن,1,Q, 23 , 540 , 1.120 , 1 
1,5,القاهرة الجديدة,1,الحي الرابع مشروع بيت الوطن,4,الحى الرابع - مشروع بيت الوطن,1,Q, 24 , 575 , 1.190 , 1 
1,5,القاهرة الجديدة,1,الحي الرابع مشروع بيت الوطن,4,الحى الرابع - مشروع بيت الوطن,1,Q, 25 , 585 , 1.140 , 1 
1,5,القاهرة الجديدة,1,الحي الرابع مشروع بيت الوطن,4,الحى الرابع - مشروع بيت الوطن,1,Q, 26 , 540 , 1.020 , 1 
1,5,القاهرة الجديدة,1,الحي الرابع مشروع بيت الوطن,4,الحى الرابع - مشروع بيت الوطن,1,Q, 27 , 540 , 1.020 , 1 
1,5,القاهرة الجديدة,1,الحي الرابع مشروع بيت الوطن,4,الحى الرابع - مشروع بيت الوطن,1,Q, 28 , 540 , 1.020 , 1 
1,5,القاهرة الجديدة,1,الحي الرابع مشروع بيت الوطن,4,الحى الرابع - مشروع بيت الوطن,1,Q, 29 , 540 , 1.020 , 1 
1,5,القاهرة الجديدة,1,الحي الرابع مشروع بيت الوطن,4,الحى الرابع - مشروع بيت الوطن,1,Q, 30 , 540 , 1.040 , 1 
1,5,القاهرة الجديدة,1,الحي الرابع مشروع بيت الوطن,4,الحى الرابع - مشروع بيت الوطن,1,Q, 31 , 585 , 1.040 , 1 
1,5,القاهرة الجديدة,1,الحي الرابع مشروع بيت الوطن,4,الحى الرابع - مشروع بيت الوطن,1,Q, 32 , 570 , 1.020 , 1 
1,5,القاهرة الجديدة,1,الحي الرابع مشروع بيت الوطن,4,الحى الرابع - مشروع بيت الوطن,1,Q, 33 , 570 , 1.020 , 1 
1,5,القاهرة الجديدة,1,الحي الرابع مشروع بيت الوطن,4,الحى الرابع - مشروع بيت الوطن,1,Q, 34 , 570 , 1.040 , 1 
1,5,القاهرة الجديدة,1,الحي الرابع مشروع بيت الوطن,4,الحى الرابع - مشروع بيت الوطن,1,Q, 35 , 540 , 1.040 , 1 
1,5,القاهرة الجديدة,1,الحي الرابع مشروع بيت الوطن,4,الحى الرابع - مشروع بيت الوطن,1,Q, 36 , 540 , 1.020 , 1 
1,5,القاهرة الجديدة,1,الحي الرابع مشروع بيت الوطن,4,الحى الرابع - مشروع بيت الوطن,1,Q, 37 , 540 , 1.020 , 1 
1,5,القاهرة الجديدة,1,الحي الرابع مشروع بيت الوطن,4,الحى الرابع - مشروع بيت الوطن,1,Q, 38 , 540 , 1.020 , 1 
1,5,القاهرة الجديدة,1,الحي الرابع مشروع بيت الوطن,4,الحى الرابع - مشروع بيت الوطن,1,Q, 39 , 540 , 1.020 , 1 
1,5,القاهرة الجديدة,1,الحي الرابع مشروع بيت الوطن,4,الحى الرابع - مشروع بيت الوطن,1,Q, 40 , 587 , 1.100 , 1 
1,5,القاهرة الجديدة,1,الحي الرابع مشروع بيت الوطن,4,الحى الرابع - مشروع بيت الوطن,1,Q, 41 , 614 , 1.190 , 1 
1,5,القاهرة الجديدة,1,الحي الرابع مشروع بيت الوطن,4,الحى الرابع - مشروع بيت الوطن,1,Q, 42 , 539 , 1.080 , 1 
1,5,القاهرة الجديدة,1,الحي الرابع مشروع بيت الوطن,4,الحى الرابع - مشروع بيت الوطن,1,Q, 43 , 539 , 1.080 , 1 
1,5,القاهرة الجديدة,1,الحي الرابع مشروع بيت الوطن,4,الحى الرابع - مشروع بيت الوطن,1,Q, 44 , 539 , 1.080 , 1 
1,5,القاهرة الجديدة,1,الحي الرابع مشروع بيت الوطن,4,الحى الرابع - مشروع بيت الوطن,1,Q, 45 , 539 , 1.080 , 1 
1,5,القاهرة الجديدة,1,الحي الرابع مشروع بيت الوطن,4,الحى الرابع - مشروع بيت الوطن,1,Q, 46 , 539 , 1.110 , 1 
1,5,القاهرة الجديدة,1,الحي الرابع مشروع بيت الوطن,4,الحى الرابع - مشروع بيت الوطن,1,Q, 47 , 539 , 1.110 , 1 
1,5,القاهرة الجديدة,1,الحي الرابع مشروع بيت الوطن,4,الحى الرابع - مشروع بيت الوطن,1,Q, 48 , 524 , 1.080 , 1 
1,5,القاهرة الجديدة,1,الحي الرابع مشروع بيت الوطن,4,الحى الرابع - مشروع بيت الوطن,1,Q, 49 , 524 , 1.080 , 1 
1,5,القاهرة الجديدة,1,الحي الرابع مشروع بيت الوطن,4,الحى الرابع - مشروع بيت الوطن,1,Q, 50 , 524 , 1.080 , 1 
1,5,القاهرة الجديدة,1,الحي الرابع مشروع بيت الوطن,4,الحى الرابع - مشروع بيت الوطن,1,Q, 51 , 524 , 1.080 , 1 
1,5,القاهرة الجديدة,1,الحي الرابع مشروع بيت الوطن,4,الحى الرابع - مشروع بيت الوطن,1,Q, 52 , 524 , 1.110 , 1 
1,5,القاهرة الجديدة,1,الحي الرابع مشروع بيت الوطن,4,الحى الرابع - مشروع بيت الوطن,1,Q, 53 , 539 , 1.110 , 1 
1,5,القاهرة الجديدة,1,الحي الرابع مشروع بيت الوطن,4,الحى الرابع - مشروع بيت الوطن,1,Q, 54 , 539 , 1.080 , 1 
1,5,القاهرة الجديدة,1,الحي الرابع مشروع بيت الوطن,4,الحى الرابع - مشروع بيت الوطن,1,Q, 55 , 539 , 1.080 , 1 
1,5,القاهرة الجديدة,1,الحي الرابع مشروع بيت الوطن,4,الحى الرابع - مشروع بيت الوطن,1,Q, 56 , 539 , 1.080 , 1 
1,5,القاهرة الجديدة,1,الحي الرابع مشروع بيت الوطن,4,الحى الرابع - مشروع بيت الوطن,1,Q, 57 , 539 , 1.080 , 1 
1,5,القاهرة الجديدة,1,الحي الرابع مشروع بيت الوطن,4,الحى الرابع - مشروع بيت الوطن,1,Q, 58 , 540 , 1.150 , 1 
1,5,القاهرة الجديدة,1,الحي الرابع مشروع بيت الوطن,4,الحى الرابع - مشروع بيت الوطن,1,Q, 59 , 552 , 1.140 , 1 
1,5,القاهرة الجديدة,1,الحي الرابع مشروع بيت الوطن,4,الحى الرابع - مشروع بيت الوطن,1,Q, 60 , 541 , 1.060 , 1 
1,5,القاهرة الجديدة,1,الحي الرابع مشروع بيت الوطن,4,الحى الرابع - مشروع بيت الوطن,1,Q, 61 , 541 , 1.060 , 1 
1,5,القاهرة الجديدة,1,الحي الرابع مشروع بيت الوطن,4,الحى الرابع - مشروع بيت الوطن,1,Q, 62 , 541 , 1.060 , 1 
1,5,القاهرة الجديدة,1,الحي الرابع مشروع بيت الوطن,4,الحى الرابع - مشروع بيت الوطن,1,Q, 63 , 541 , 1.060 , 1 
1,5,القاهرة الجديدة,1,الحي الرابع مشروع بيت الوطن,4,الحى الرابع - مشروع بيت الوطن,1,Q, 64 , 541 , 1.080 , 1 
1,5,القاهرة الجديدة,1,الحي الرابع مشروع بيت الوطن,4,الحى الرابع - مشروع بيت الوطن,1,Q, 65 , 526 , 1.080 , 1 
1,5,القاهرة الجديدة,1,الحي الرابع مشروع بيت الوطن,4,الحى الرابع - مشروع بيت الوطن,1,Q, 66 , 526 , 1.060 , 1 
1,5,القاهرة الجديدة,1,الحي الرابع مشروع بيت الوطن,4,الحى الرابع - مشروع بيت الوطن,1,Q, 67 , 526 , 1.060 , 1 
1,5,القاهرة الجديدة,1,الحي الرابع مشروع بيت الوطن,4,الحى الرابع - مشروع بيت الوطن,1,Q, 68 , 526 , 1.060 , 1 
1,5,القاهرة الجديدة,1,الحي الرابع مشروع بيت الوطن,4,الحى الرابع - مشروع بيت الوطن,1,Q, 69 , 526 , 1.060 , 1 
1,5,القاهرة الجديدة,1,الحي الرابع مشروع بيت الوطن,4,الحى الرابع - مشروع بيت الوطن,1,Q, 70 , 541 , 1.080 , 1 
1,5,القاهرة الجديدة,1,الحي الرابع مشروع بيت الوطن,4,الحى الرابع - مشروع بيت الوطن,1,Q, 71 , 541 , 1.080 , 1 
1,5,القاهرة الجديدة,1,الحي الرابع مشروع بيت الوطن,4,الحى الرابع - مشروع بيت الوطن,1,Q, 72 , 541 , 1.060 , 1 
1,5,القاهرة الجديدة,1,الحي الرابع مشروع بيت الوطن,4,الحى الرابع - مشروع بيت الوطن,1,Q, 73 , 541 , 1.060 , 1 
1,5,القاهرة الجديدة,1,الحي الرابع مشروع بيت الوطن,4,الحى الرابع - مشروع بيت الوطن,1,Q, 74 , 541 , 1.060 , 1 
1,5,القاهرة الجديدة,1,الحي الرابع مشروع بيت الوطن,4,الحى الرابع - مشروع بيت الوطن,1,Q, 75 , 541 , 1.060 , 1 
1,5,القاهرة الجديدة,1,الحي الرابع مشروع بيت الوطن,4,الحى الرابع - مشروع بيت الوطن,1,Q, 76 , 617 , 1.120 , 1 
1,5,القاهرة الجديدة,1,الحي الرابع مشروع بيت الوطن,4,الحى الرابع - مشروع بيت الوطن,1,Q, 77 , 485 , 1.080 , 1 
1,5,القاهرة الجديدة,1,الحي الرابع مشروع بيت الوطن,4,الحى الرابع - مشروع بيت الوطن,1,Q, 78 , 449 , 1.020 , 1 
1,5,القاهرة الجديدة,1,الحي الرابع مشروع بيت الوطن,4,الحى الرابع - مشروع بيت الوطن,1,Q, 79 , 449 , 1.020 , 1 
1,5,القاهرة الجديدة,1,الحي الرابع مشروع بيت الوطن,4,الحى الرابع - مشروع بيت الوطن,1,Q, 80 , 449 , 1.020 , 1 
1,5,القاهرة الجديدة,1,الحي الرابع مشروع بيت الوطن,4,الحى الرابع - مشروع بيت الوطن,1,Q, 81 , 449 , 1.020 , 1 
1,5,القاهرة الجديدة,1,الحي الرابع مشروع بيت الوطن,4,الحى الرابع - مشروع بيت الوطن,1,Q, 82 , 449 , 1.020 , 1 
1,5,القاهرة الجديدة,1,الحي الرابع مشروع بيت الوطن,4,الحى الرابع - مشروع بيت الوطن,1,Q, 83 , 449 , 1.040 , 1 
1,5,القاهرة الجديدة,1,الحي الرابع مشروع بيت الوطن,4,الحى الرابع - مشروع بيت الوطن,1,Q, 84 , 449 , 1.040 , 1 
1,5,القاهرة الجديدة,1,الحي الرابع مشروع بيت الوطن,4,الحى الرابع - مشروع بيت الوطن,1,Q, 85 , 449 , 1.020 , 1 
1,5,القاهرة الجديدة,1,الحي الرابع مشروع بيت الوطن,4,الحى الرابع - مشروع بيت الوطن,1,Q, 86 , 449 , 1.020 , 1 
1,5,القاهرة الجديدة,1,الحي الرابع مشروع بيت الوطن,4,الحى الرابع - مشروع بيت الوطن,1,Q, 87 , 449 , 1.020 , 1 
1,5,القاهرة الجديدة,1,الحي الرابع مشروع بيت الوطن,4,الحى الرابع - مشروع بيت الوطن,1,Q, 88 , 449 , 1.020 , 1 
1,5,القاهرة الجديدة,1,الحي الرابع مشروع بيت الوطن,4,الحى الرابع - مشروع بيت الوطن,1,Q, 89 , 489 , 1.020 , 1 
1,5,القاهرة الجديدة,1,الحي الرابع مشروع بيت الوطن,4,الحى الرابع - مشروع بيت الوطن,1,Q, 90 , 450 , 1.020 , 1 
1,5,القاهرة الجديدة,1,الحي الرابع مشروع بيت الوطن,4,الحى الرابع - مشروع بيت الوطن,1,Q, 91 , 450 , 1.040 , 1 
1,5,القاهرة الجديدة,1,الحي الرابع مشروع بيت الوطن,4,الحى الرابع - مشروع بيت الوطن,1,Q, 92 , 450 , 1.040 , 1 
1,5,القاهرة الجديدة,1,الحي الرابع مشروع بيت الوطن,4,الحى الرابع - مشروع بيت الوطن,1,Q, 93 , 450 , 1.020 , 1 
1,5,القاهرة الجديدة,1,الحي الرابع مشروع بيت الوطن,4,الحى الرابع - مشروع بيت الوطن,1,Q, 94 , 491 , 1.080 , 1 
1,5,القاهرة الجديدة,1,الحي الرابع مشروع بيت الوطن,4,الحى الرابع - مشروع بيت الوطن,1,Q, 95 , 493 , 1.080 , 1 
1,5,القاهرة الجديدة,1,الحي الرابع مشروع بيت الوطن,4,الحى الرابع - مشروع بيت الوطن,1,Q, 96 , 472 , 1.060 , 1 
1,5,القاهرة الجديدة,1,الحي الرابع مشروع بيت الوطن,4,الحى الرابع - مشروع بيت الوطن,1,Q, 97 , 472 , 1.080 , 1 
1,5,القاهرة الجديدة,1,الحي الرابع مشروع بيت الوطن,4,الحى الرابع - مشروع بيت الوطن,1,Q, 98 , 472 , 1.080 , 1 
1,5,القاهرة الجديدة,1,الحي الرابع مشروع بيت الوطن,4,الحى الرابع - مشروع بيت الوطن,1,Q, 99 , 472 , 1.060 , 1 
1,5,القاهرة الجديدة,1,الحي الرابع مشروع بيت الوطن,4,الحى الرابع - مشروع بيت الوطن,1,Q, 100 , 495 , 1.060 , 1 
1,5,القاهرة الجديدة,1,الحي الرابع مشروع بيت الوطن,4,الحى الرابع - مشروع بيت الوطن,1,Q, 101 , 450 , 1.060 , 1 
1,5,القاهرة الجديدة,1,الحي الرابع مشروع بيت الوطن,4,الحى الرابع - مشروع بيت الوطن,1,Q, 102 , 450 , 1.060 , 1 
1,5,القاهرة الجديدة,1,الحي الرابع مشروع بيت الوطن,4,الحى الرابع - مشروع بيت الوطن,1,Q, 103 , 450 , 1.080 , 1 
1,5,القاهرة الجديدة,1,الحي الرابع مشروع بيت الوطن,4,الحى الرابع - مشروع بيت الوطن,1,Q, 104 , 450 , 1.080 , 1 
1,5,القاهرة الجديدة,1,الحي الرابع مشروع بيت الوطن,4,الحى الرابع - مشروع بيت الوطن,1,Q, 105 , 450 , 1.060 , 1 
1,5,القاهرة الجديدة,1,الحي الرابع مشروع بيت الوطن,4,الحى الرابع - مشروع بيت الوطن,1,Q, 106 , 450 , 1.060 , 1 
1,5,القاهرة الجديدة,1,الحي الرابع مشروع بيت الوطن,4,الحى الرابع - مشروع بيت الوطن,1,Q, 107 , 450 , 1.060 , 1 
1,5,القاهرة الجديدة,1,الحي الرابع مشروع بيت الوطن,4,الحى الرابع - مشروع بيت الوطن,1,Q, 108 , 450 , 1.060 , 1 
1,5,القاهرة الجديدة,1,الحي الرابع مشروع بيت الوطن,4,الحى الرابع - مشروع بيت الوطن,1,Q, 109 , 450 , 1.060 , 1 
1,5,القاهرة الجديدة,1,الحي الرابع مشروع بيت الوطن,4,الحى الرابع - مشروع بيت الوطن,1,Q, 110 , 512 , 1.120 , 1 
1,5,القاهرة الجديدة,1,الحي الرابع مشروع بيت الوطن,4,الحى الرابع - مشروع بيت الوطن,1,Q, 111 , 470 , 1.120 , 1 
1,5,القاهرة الجديدة,1,الحي الرابع مشروع بيت الوطن,4,الحى الرابع - مشروع بيت الوطن,1,Q, 112 , 450 , 1.020 , 1 
1,5,القاهرة الجديدة,1,الحي الرابع مشروع بيت الوطن,4,الحى الرابع - مشروع بيت الوطن,1,Q, 113 , 450 , 1.020 , 1 
1,5,القاهرة الجديدة,1,الحي الرابع مشروع بيت الوطن,4,الحى الرابع - مشروع بيت الوطن,1,Q, 114 , 450 , 1.020 , 1 
1,5,القاهرة الجديدة,1,الحي الرابع مشروع بيت الوطن,4,الحى الرابع - مشروع بيت الوطن,1,Q, 115 , 450 , 1.020 , 1 
1,5,القاهرة الجديدة,1,الحي الرابع مشروع بيت الوطن,4,الحى الرابع - مشروع بيت الوطن,1,Q, 116 , 450 , 1.020 , 1 
1,5,القاهرة الجديدة,1,الحي الرابع مشروع بيت الوطن,4,الحى الرابع - مشروع بيت الوطن,1,Q, 117 , 450 , 1.040 , 1 
1,5,القاهرة الجديدة,1,الحي الرابع مشروع بيت الوطن,4,الحى الرابع - مشروع بيت الوطن,1,Q, 118 , 450 , 1.040 , 1 
1,5,القاهرة الجديدة,1,الحي الرابع مشروع بيت الوطن,4,الحى الرابع - مشروع بيت الوطن,1,Q, 119 , 450 , 1.020 , 1 
1,5,القاهرة الجديدة,1,الحي الرابع مشروع بيت الوطن,4,الحى الرابع - مشروع بيت الوطن,1,Q, 120 , 450 , 1.020 , 1 
1,5,القاهرة الجديدة,1,الحي الرابع مشروع بيت الوطن,4,الحى الرابع - مشروع بيت الوطن,1,Q, 121 , 552 , 1.020 , 1 
1,5,القاهرة الجديدة,1,الحي الرابع مشروع بيت الوطن,4,الحى الرابع - مشروع بيت الوطن,1,Q, 122 , 447 , 1.020 , 1 
1,5,القاهرة الجديدة,1,الحي الرابع مشروع بيت الوطن,4,الحى الرابع - مشروع بيت الوطن,1,Q, 123 , 447 , 1.020 , 1 
1,5,القاهرة الجديدة,1,الحي الرابع مشروع بيت الوطن,4,الحى الرابع - مشروع بيت الوطن,1,Q, 124 , 447 , 1.020 , 1 
1,5,القاهرة الجديدة,1,الحي الرابع مشروع بيت الوطن,4,الحى الرابع - مشروع بيت الوطن,1,Q, 125 , 534 , 1.040 , 1 
1,5,القاهرة الجديدة,1,الحي الرابع مشروع بيت الوطن,4,الحى الرابع - مشروع بيت الوطن,1,Q, 126 , 500 , 1.040 , 1 
1,5,القاهرة الجديدة,1,الحي الرابع مشروع بيت الوطن,4,الحى الرابع - مشروع بيت الوطن,1,Q, 127 , 458 , 1.020 , 1 
1,5,القاهرة الجديدة,1,الحي الرابع مشروع بيت الوطن,4,الحى الرابع - مشروع بيت الوطن,1,Q, 128 , 458 , 1.020 , 1 
1,5,القاهرة الجديدة,1,الحي الرابع مشروع بيت الوطن,4,الحى الرابع - مشروع بيت الوطن,1,Q, 129 , 458 , 1.020 , 1 
1,5,القاهرة الجديدة,1,الحي الرابع مشروع بيت الوطن,4,الحى الرابع - مشروع بيت الوطن,1,Q, 130 , 477 , 1.060 , 1 
1,5,القاهرة الجديدة,1,الحي الرابع مشروع بيت الوطن,4,الحى الرابع - مشروع بيت الوطن,1,Q, 131 , 451 , 1.060 , 1 
1,5,القاهرة الجديدة,1,الحي الرابع مشروع بيت الوطن,4,الحى الرابع - مشروع بيت الوطن,1,Q, 132 , 451 , 1.060 , 1 
1,5,القاهرة الجديدة,1,الحي الرابع مشروع بيت الوطن,4,الحى الرابع - مشروع بيت الوطن,1,Q, 133 , 451 , 1.060 , 1 
1,5,القاهرة الجديدة,1,الحي الرابع مشروع بيت الوطن,4,الحى الرابع - مشروع بيت الوطن,1,Q, 134 , 451 , 1.060 , 1 
1,5,القاهرة الجديدة,1,الحي الرابع مشروع بيت الوطن,4,الحى الرابع - مشروع بيت الوطن,1,Q, 135 , 451 , 1.080 , 1 
1,5,القاهرة الجديدة,1,الحي الرابع مشروع بيت الوطن,4,الحى الرابع - مشروع بيت الوطن,1,Q, 136 , 451 , 1.080 , 1 
1,5,القاهرة الجديدة,1,الحي الرابع مشروع بيت الوطن,4,الحى الرابع - مشروع بيت الوطن,1,Q, 137 , 451 , 1.060 , 1 
1,5,القاهرة الجديدة,1,الحي الرابع مشروع بيت الوطن,4,الحى الرابع - مشروع بيت الوطن,1,Q, 138 , 451 , 1.060 , 1 
1,5,القاهرة الجديدة,1,الحي الرابع مشروع بيت الوطن,4,الحى الرابع - مشروع بيت الوطن,1,Q, 139 , 451 , 1.060 , 1 
1,5,القاهرة الجديدة,1,الحي الرابع مشروع بيت الوطن,4,الحى الرابع - مشروع بيت الوطن,1,Q, 140 , 451 , 1.060 , 1 
1,5,القاهرة الجديدة,1,الحي الرابع مشروع بيت الوطن,4,الحى الرابع - مشروع بيت الوطن,1,Q, 141 , 451 , 1.060 , 1 
1,5,القاهرة الجديدة,1,الحي الرابع مشروع بيت الوطن,4,الحى الرابع - مشروع بيت الوطن,1,Q, 142 , 494 , 1.120 , 1 
1,5,القاهرة الجديدة,1,الحي الرابع مشروع بيت الوطن,4,الحى الرابع - مشروع بيت الوطن,1,Q, 143 , 439 , 1.120 , 1 
1,5,القاهرة الجديدة,1,الحي الرابع مشروع بيت الوطن,4,الحى الرابع - مشروع بيت الوطن,1,Q, 144 , 438 , 1.060 , 1 
1,5,القاهرة الجديدة,1,الحي الرابع مشروع بيت الوطن,4,الحى الرابع - مشروع بيت الوطن,1,Q, 145 , 445 , 1.060 , 1 
1,5,القاهرة الجديدة,1,الحي الرابع مشروع بيت الوطن,4,الحى الرابع - مشروع بيت الوطن,1,Q, 146 , 445 , 1.060 , 1 
1,5,القاهرة الجديدة,1,الحي الرابع مشروع بيت الوطن,4,الحى الرابع - مشروع بيت الوطن,1,Q, 147 , 445 , 1.060 , 1 
1,5,القاهرة الجديدة,1,الحي الرابع مشروع بيت الوطن,4,الحى الرابع - مشروع بيت الوطن,1,Q, 148 , 445 , 1.060 , 1 
1,5,القاهرة الجديدة,1,الحي الرابع مشروع بيت الوطن,4,الحى الرابع - مشروع بيت الوطن,1,Q, 149 , 478 , 1.080 , 1 
1,5,القاهرة الجديدة,1,الحي الرابع مشروع بيت الوطن,4,الحى الرابع - مشروع بيت الوطن,1,Q, 150 , 438 , 1.080 , 1 
1,5,القاهرة الجديدة,1,الحي الرابع مشروع بيت الوطن,4,الحى الرابع - مشروع بيت الوطن,1,Q, 151 , 438 , 1.060 , 1 
1,5,القاهرة الجديدة,1,الحي الرابع مشروع بيت الوطن,4,الحى الرابع - مشروع بيت الوطن,1,Q, 152 , 438 , 1.060 , 1 
1,5,القاهرة الجديدة,1,الحي الرابع مشروع بيت الوطن,4,الحى الرابع - مشروع بيت الوطن,1,Q, 153 , 438 , 1.060 , 1 
1,5,القاهرة الجديدة,1,الحي الرابع مشروع بيت الوطن,4,الحى الرابع - مشروع بيت الوطن,1,Q, 154 , 438 , 1.060 , 1 
1,5,القاهرة الجديدة,1,الحي الرابع مشروع بيت الوطن,4,الحى الرابع - مشروع بيت الوطن,1,Q, 155 , 438 , 1.080 , 1 
1,5,القاهرة الجديدة,1,الحي الرابع مشروع بيت الوطن,4,الحى الرابع - مشروع بيت الوطن,1,Q, 156 , 438 , 1.080 , 1 
1,5,القاهرة الجديدة,1,الحي الرابع مشروع بيت الوطن,4,الحى الرابع - مشروع بيت الوطن,1,Q, 157 , 438 , 1.060 , 1 
1,5,القاهرة الجديدة,1,الحي الرابع مشروع بيت الوطن,4,الحى الرابع - مشروع بيت الوطن,1,Q, 158 , 438 , 1.060 , 1 
1,5,القاهرة الجديدة,1,الحي الرابع مشروع بيت الوطن,4,الحى الرابع - مشروع بيت الوطن,1,Q, 159 , 438 , 1.060 , 1 
1,5,القاهرة الجديدة,1,الحي الرابع مشروع بيت الوطن,4,الحى الرابع - مشروع بيت الوطن,1,Q, 160 , 438 , 1.060 , 1 
1,5,القاهرة الجديدة,1,الحي الرابع مشروع بيت الوطن,4,الحى الرابع - مشروع بيت الوطن,1,Q, 161 , 441 , 1.120 , 1 
1,5,القاهرة الجديدة,1,الحي الرابع مشروع بيت الوطن,4,الحى الرابع - مشروع بيت الوطن,1,Q, 162 , 438 , 1.100 , 1 
1,5,القاهرة الجديدة,1,الحي الرابع مشروع بيت الوطن,4,الحى الرابع - مشروع بيت الوطن,1,Q, 163 , 438 , 1.040 , 1 
1,5,القاهرة الجديدة,1,الحي الرابع مشروع بيت الوطن,4,الحى الرابع - مشروع بيت الوطن,1,Q, 164 , 438 , 1.040 , 1 
1,5,القاهرة الجديدة,1,الحي الرابع مشروع بيت الوطن,4,الحى الرابع - مشروع بيت الوطن,1,Q, 165 , 438 , 1.040 , 1 
1,5,القاهرة الجديدة,1,الحي الرابع مشروع بيت الوطن,4,الحى الرابع - مشروع بيت الوطن,1,Q, 166 , 438 , 1.040 , 1 
1,5,القاهرة الجديدة,1,الحي الرابع مشروع بيت الوطن,4,الحى الرابع - مشروع بيت الوطن,1,Q, 167 , 438 , 1.040 , 1 
1,5,القاهرة الجديدة,1,الحي الرابع مشروع بيت الوطن,4,الحى الرابع - مشروع بيت الوطن,1,Q, 168 , 438 , 1.040 , 1 
1,5,القاهرة الجديدة,1,الحي الرابع مشروع بيت الوطن,4,الحى الرابع - مشروع بيت الوطن,1,Q, 169 , 438 , 1.040 , 1 
1,5,القاهرة الجديدة,1,الحي الرابع مشروع بيت الوطن,4,الحى الرابع - مشروع بيت الوطن,1,Q, 170 , 438 , 1.040 , 1 
1,5,القاهرة الجديدة,1,الحي الرابع مشروع بيت الوطن,4,الحى الرابع - مشروع بيت الوطن,1,Q, 171 , 438 , 1.040 , 1 
1,5,القاهرة الجديدة,1,الحي الرابع مشروع بيت الوطن,4,الحى الرابع - مشروع بيت الوطن,1,Q, 172 , 438 , 1.040 , 1 
1,5,القاهرة الجديدة,1,الحي الرابع مشروع بيت الوطن,4,الحى الرابع - مشروع بيت الوطن,1,Q, 173 , 438 , 1.040 , 1 
1,5,القاهرة الجديدة,1,الحي الرابع مشروع بيت الوطن,4,الحى الرابع - مشروع بيت الوطن,1,Q, 174 , 492 , 1.040 , 1 
1,5,القاهرة الجديدة,1,الحي الرابع مشروع بيت الوطن,4,الحى الرابع - مشروع بيت الوطن,1,Q, 175 , 453 , 1.060 , 1 
1,5,القاهرة الجديدة,1,الحي الرابع مشروع بيت الوطن,4,الحى الرابع - مشروع بيت الوطن,1,Q, 176 , 453 , 1.080 , 1 
1,5,القاهرة الجديدة,1,الحي الرابع مشروع بيت الوطن,4,الحى الرابع - مشروع بيت الوطن,1,Q, 177 , 453 , 1.080 , 1 
1,5,القاهرة الجديدة,1,الحي الرابع مشروع بيت الوطن,4,الحى الرابع - مشروع بيت الوطن,1,Q, 178 , 453 , 1.080 , 1 
1,5,القاهرة الجديدة,1,الحي الرابع مشروع بيت الوطن,4,الحى الرابع - مشروع بيت الوطن,1,Q, 179 , 453 , 1.060 , 1 
1,5,القاهرة الجديدة,1,الحي الرابع مشروع بيت الوطن,4,الحى الرابع - مشروع بيت الوطن,1,Q, 180 , 450 , 1.060 , 1 
1,5,القاهرة الجديدة,1,الحي الرابع مشروع بيت الوطن,4,الحى الرابع - مشروع بيت الوطن,1,Q, 181 , 439 , 1.140 , 1 
1,5,القاهرة الجديدة,1,الحي الرابع مشروع بيت الوطن,4,الحى الرابع - مشروع بيت الوطن,1,Q, 182 , 489 , 1.100 , 1 
1,5,القاهرة الجديدة,1,الحي الرابع مشروع بيت الوطن,4,الحى الرابع - مشروع بيت الوطن,1,Q, 183 , 503 , 1.060 , 1 
1,5,القاهرة الجديدة,1,الحي الرابع مشروع بيت الوطن,4,الحى الرابع - مشروع بيت الوطن,1,Q, 184 , 470 , 1.080 , 1 
1,5,القاهرة الجديدة,1,الحي الرابع مشروع بيت الوطن,4,الحى الرابع - مشروع بيت الوطن,1,Q, 185 , 470 , 1.080 , 1 
1,5,القاهرة الجديدة,1,الحي الرابع مشروع بيت الوطن,4,الحى الرابع - مشروع بيت الوطن,1,Q, 186 , 470 , 1.080 , 1 
1,5,القاهرة الجديدة,1,الحي الرابع مشروع بيت الوطن,4,الحى الرابع - مشروع بيت الوطن,1,Q, 187 , 470 , 1.100 , 1 
1,5,القاهرة الجديدة,1,الحي الرابع مشروع بيت الوطن,4,الحى الرابع - مشروع بيت الوطن,1,Q, 188 , 470 , 1.100 , 1 
1,5,القاهرة الجديدة,1,الحي الرابع مشروع بيت الوطن,4,الحى الرابع - مشروع بيت الوطن,1,Q, 189 , 470 , 1.080 , 1 
1,5,القاهرة الجديدة,1,الحي الرابع مشروع بيت الوطن,4,الحى الرابع - مشروع بيت الوطن,1,Q, 190 , 450 , 1.080 , 1 
1,5,القاهرة الجديدة,1,الحي الرابع مشروع بيت الوطن,4,الحى الرابع - مشروع بيت الوطن,1,Q, 191 , 450 , 1.080 , 1 
1,5,القاهرة الجديدة,1,الحي الرابع مشروع بيت الوطن,4,الحى الرابع - مشروع بيت الوطن,1,Q, 192 , 450 , 1.080 , 1 
1,5,القاهرة الجديدة,1,الحي الرابع مشروع بيت الوطن,4,الحى الرابع - مشروع بيت الوطن,1,Q, 193 , 450 , 1.080 , 1 
1,5,القاهرة الجديدة,1,الحي الرابع مشروع بيت الوطن,4,الحى الرابع - مشروع بيت الوطن,1,Q, 194 , 450 , 1.080 , 1 
1,5,القاهرة الجديدة,1,الحي الرابع مشروع بيت الوطن,4,الحى الرابع - مشروع بيت الوطن,1,Q, 195 , 450 , 1.080 , 1 
1,5,القاهرة الجديدة,1,الحي الرابع مشروع بيت الوطن,4,الحى الرابع - مشروع بيت الوطن,1,Q, 196 , 450 , 1.080 , 1 
1,5,القاهرة الجديدة,1,الحي الرابع مشروع بيت الوطن,4,الحى الرابع - مشروع بيت الوطن,1,Q, 197 , 450 , 1.080 , 1 
1,5,القاهرة الجديدة,1,الحي الرابع مشروع بيت الوطن,4,الحى الرابع - مشروع بيت الوطن,1,Q, 198 , 450 , 1.080 , 1 
1,5,القاهرة الجديدة,1,الحي الرابع مشروع بيت الوطن,4,الحى الرابع - مشروع بيت الوطن,1,Q, 199 , 450 , 1.080 , 1 
1,5,القاهرة الجديدة,1,الحي الرابع مشروع بيت الوطن,4,الحى الرابع - مشروع بيت الوطن,1,Q, 200 , 450 , 1.080 , 1 
1,5,القاهرة الجديدة,1,الحي الرابع مشروع بيت الوطن,4,الحى الرابع - مشروع بيت الوطن,1,Q, 201 , 450 , 1.080 , 1 
1,5,القاهرة الجديدة,1,الحي الرابع مشروع بيت الوطن,4,الحى الرابع - مشروع بيت الوطن,1,Q, 202 , 450 , 1.080 , 1 
1,5,القاهرة الجديدة,1,الحي الرابع مشروع بيت الوطن,4,الحى الرابع - مشروع بيت الوطن,1,Q, 203 , 450 , 1.080 , 1 
1,5,القاهرة الجديدة,1,الحي الرابع مشروع بيت الوطن,4,الحى الرابع - مشروع بيت الوطن,1,Q, 204 , 446 , 1.080 , 1 
1,5,القاهرة الجديدة,1,الحي الرابع مشروع بيت الوطن,4,الحى الرابع - مشروع بيت الوطن,1,Q, 205 , 493 , 1.140 , 1 
1,5,القاهرة الجديدة,1,الحي الرابع مشروع بيت الوطن,4,الحى الرابع - مشروع بيت الوطن,1,Q, 206 , 469 , 1.120 , 1 
1,5,القاهرة الجديدة,1,الحي الرابع مشروع بيت الوطن,4,الحى الرابع - مشروع بيت الوطن,1,Q, 207 , 450 , 1.020 , 1 
1,5,القاهرة الجديدة,1,الحي الرابع مشروع بيت الوطن,4,الحى الرابع - مشروع بيت الوطن,1,Q, 208 , 450 , 1.020 , 1 
1,5,القاهرة الجديدة,1,الحي الرابع مشروع بيت الوطن,4,الحى الرابع - مشروع بيت الوطن,1,Q, 209 , 450 , 1.020 , 1 
1,5,القاهرة الجديدة,1,الحي الرابع مشروع بيت الوطن,4,الحى الرابع - مشروع بيت الوطن,1,Q, 210 , 450 , 1.020 , 1 
1,5,القاهرة الجديدة,1,الحي الرابع مشروع بيت الوطن,4,الحى الرابع - مشروع بيت الوطن,1,Q, 211 , 450 , 1.020 , 1 
1,5,القاهرة الجديدة,1,الحي الرابع مشروع بيت الوطن,4,الحى الرابع - مشروع بيت الوطن,1,Q, 212 , 450 , 1.040 , 1 
1,5,القاهرة الجديدة,1,الحي الرابع مشروع بيت الوطن,4,الحى الرابع - مشروع بيت الوطن,1,Q, 213 , 450 , 1.040 , 1 
1,5,القاهرة الجديدة,1,الحي الرابع مشروع بيت الوطن,4,الحى الرابع - مشروع بيت الوطن,1,Q, 214 , 450 , 1.020 , 1 
1,5,القاهرة الجديدة,1,الحي الرابع مشروع بيت الوطن,4,الحى الرابع - مشروع بيت الوطن,1,Q, 215 , 450 , 1.020 , 1 
1,5,القاهرة الجديدة,1,الحي الرابع مشروع بيت الوطن,4,الحى الرابع - مشروع بيت الوطن,1,Q, 216 , 450 , 1.020 , 1 
1,5,القاهرة الجديدة,1,الحي الرابع مشروع بيت الوطن,4,الحى الرابع - مشروع بيت الوطن,1,Q, 217 , 450 , 1.020 , 1 
1,5,القاهرة الجديدة,1,الحي الرابع مشروع بيت الوطن,4,الحى الرابع - مشروع بيت الوطن,1,Q, 218 , 450 , 1.020 , 1 
1,5,القاهرة الجديدة,1,الحي الرابع مشروع بيت الوطن,4,الحى الرابع - مشروع بيت الوطن,1,Q, 219 , 450 , 1.040 , 1 
1,5,القاهرة الجديدة,1,الحي الرابع مشروع بيت الوطن,4,الحى الرابع - مشروع بيت الوطن,1,Q, 220 , 450 , 1.040 , 1 
1,5,القاهرة الجديدة,1,الحي الرابع مشروع بيت الوطن,4,الحى الرابع - مشروع بيت الوطن,1,Q, 221 , 450 , 1.020 , 1 
1,5,القاهرة الجديدة,1,الحي الرابع مشروع بيت الوطن,4,الحى الرابع - مشروع بيت الوطن,1,Q, 222 , 465 , 1.020 , 1 
1,5,القاهرة الجديدة,1,الحي الرابع مشروع بيت الوطن,4,الحى الرابع - مشروع بيت الوطن,1,Q, 223 , 456 , 1.020 , 1 
1,5,القاهرة الجديدة,1,الحي الرابع مشروع بيت الوطن,4,الحى الرابع - مشروع بيت الوطن,1,Q, 224 , 456 , 1.020 , 1 
1,5,القاهرة الجديدة,1,الحي الرابع مشروع بيت الوطن,4,الحى الرابع - مشروع بيت الوطن,1,Q, 225 , 456 , 1.020 , 1 
1,5,القاهرة الجديدة,1,الحي الرابع مشروع بيت الوطن,4,الحى الرابع - مشروع بيت الوطن,1,Q, 226 , 456 , 1.020 , 1 
1,5,القاهرة الجديدة,1,الحي الرابع مشروع بيت الوطن,4,الحى الرابع - مشروع بيت الوطن,1,Q, 227 , 479 , 1.020 , 1 
1,5,القاهرة الجديدة,1,الحي الرابع مشروع بيت الوطن,4,الحى الرابع - مشروع بيت الوطن,1,Q, 228 , 489 , 1.080 , 1 
1,5,القاهرة الجديدة,1,الحي الرابع مشروع بيت الوطن,4,الحى الرابع - مشروع بيت الوطن,1,Q, 229 , 485 , 1.080 , 1 
1,5,القاهرة الجديدة,1,الحي الرابع مشروع بيت الوطن,4,الحى الرابع - مشروع بيت الوطن,1,Q, 230 , 450 , 1.020 , 1 
1,5,القاهرة الجديدة,1,الحي الرابع مشروع بيت الوطن,4,الحى الرابع - مشروع بيت الوطن,1,Q, 231 , 450 , 1.020 , 1 
1,5,القاهرة الجديدة,1,الحي الرابع مشروع بيت الوطن,4,الحى الرابع - مشروع بيت الوطن,1,Q, 232 , 450 , 1.020 , 1 
1,5,القاهرة الجديدة,1,الحي الرابع مشروع بيت الوطن,4,الحى الرابع - مشروع بيت الوطن,1,Q, 233 , 450 , 1.020 , 1 
1,5,القاهرة الجديدة,1,الحي الرابع مشروع بيت الوطن,4,الحى الرابع - مشروع بيت الوطن,1,Q, 234 , 450 , 1.020 , 1 
1,5,القاهرة الجديدة,1,الحي الرابع مشروع بيت الوطن,4,الحى الرابع - مشروع بيت الوطن,1,Q, 235 , 450 , 1.020 , 1 
1,5,القاهرة الجديدة,1,الحي الرابع مشروع بيت الوطن,4,الحى الرابع - مشروع بيت الوطن,1,Q, 236 , 450 , 1.040 , 1 
1,5,القاهرة الجديدة,1,الحي الرابع مشروع بيت الوطن,4,الحى الرابع - مشروع بيت الوطن,1,Q, 237 , 596 , 1.060 , 1 
1,5,القاهرة الجديدة,1,الحي الرابع مشروع بيت الوطن,4,الحى الرابع - مشروع بيت الوطن,1,Q, 238 , 609 , 1.060 , 1 
1,5,القاهرة الجديدة,1,الحي الرابع مشروع بيت الوطن,4,الحى الرابع - مشروع بيت الوطن,1,Q, 239 , 581 , 1.060 , 1 
1,5,القاهرة الجديدة,1,الحي الرابع مشروع بيت الوطن,4,الحى الرابع - مشروع بيت الوطن,1,Q, 240 , 469 , 1.020 , 1 
1,5,القاهرة الجديدة,1,الحي الرابع مشروع بيت الوطن,4,الحى الرابع - مشروع بيت الوطن,1,Q, 241 , 450 , 1.020 , 1 
1,5,القاهرة الجديدة,1,الحي الرابع مشروع بيت الوطن,4,الحى الرابع - مشروع بيت الوطن,1,Q, 242 , 450 , 1.020 , 1 
1,5,القاهرة الجديدة,1,الحي الرابع مشروع بيت الوطن,4,الحى الرابع - مشروع بيت الوطن,1,Q, 243 , 450 , 1.020 , 1 
1,5,القاهرة الجديدة,1,الحي الرابع مشروع بيت الوطن,4,الحى الرابع - مشروع بيت الوطن,1,Q, 244 , 574 , 1.060 , 1 
1,5,القاهرة الجديدة,1,الحي الرابع مشروع بيت الوطن,4,الحى الرابع - مشروع بيت الوطن,1,Q, 245 , 610 , 1.060 , 1 
1,5,القاهرة الجديدة,1,الحي الرابع مشروع بيت الوطن,4,الحى الرابع - مشروع بيت الوطن,1,Q, 246 , 586 , 1.100 , 1 
1,5,القاهرة الجديدة,1,الحي الرابع مشروع بيت الوطن,4,الحى الرابع - مشروع بيت الوطن,1,Q, 247 , 475 , 1.060 , 1 
1,5,القاهرة الجديدة,1,الحي الرابع مشروع بيت الوطن,4,الحى الرابع - مشروع بيت الوطن,1,Q, 248 , 450 , 1.060 , 1 
1,5,القاهرة الجديدة,1,الحي الرابع مشروع بيت الوطن,4,الحى الرابع - مشروع بيت الوطن,1,Q, 249 , 450 , 1.060 , 1 
1,5,القاهرة الجديدة,1,الحي الرابع مشروع بيت الوطن,4,الحى الرابع - مشروع بيت الوطن,1,Q, 250 , 475 , 1.080 , 1 
1,5,القاهرة الجديدة,1,الحي الرابع مشروع بيت الوطن,4,الحى الرابع - مشروع بيت الوطن,1,Q, 251 , 450 , 1.080 , 1 
1,5,القاهرة الجديدة,1,الحي الرابع مشروع بيت الوطن,4,الحى الرابع - مشروع بيت الوطن,1,Q, 252 , 450 , 1.060 , 1 
1,5,القاهرة الجديدة,1,الحي الرابع مشروع بيت الوطن,4,الحى الرابع - مشروع بيت الوطن,1,Q, 253 , 450 , 1.060 , 1 
1,5,القاهرة الجديدة,1,الحي الرابع مشروع بيت الوطن,4,الحى الرابع - مشروع بيت الوطن,1,Q, 254 , 450 , 1.060 , 1 
1,5,القاهرة الجديدة,1,الحي الرابع مشروع بيت الوطن,4,الحى الرابع - مشروع بيت الوطن,1,Q, 255 , 450 , 1.060 , 1 
1,5,القاهرة الجديدة,1,الحي الرابع مشروع بيت الوطن,4,الحى الرابع - مشروع بيت الوطن,1,Q, 256 , 450 , 1.060 , 1 
1,5,القاهرة الجديدة,1,الحي الرابع مشروع بيت الوطن,4,الحى الرابع - مشروع بيت الوطن,1,Q, 257 , 450 , 1.060 , 1 
1,5,القاهرة الجديدة,1,الحي الرابع مشروع بيت الوطن,4,الحى الرابع - مشروع بيت الوطن,1,Q, 258 , 512 , 1.120 , 1 
1,5,القاهرة الجديدة,1,الحي الرابع مشروع بيت الوطن,4,الحى الرابع - مشروع بيت الوطن,1,Q, 259 , 470 , 1.120 , 1 
1,5,القاهرة الجديدة,1,الحي الرابع مشروع بيت الوطن,4,الحى الرابع - مشروع بيت الوطن,1,Q, 260 , 450 , 1.020 , 1 
1,5,القاهرة الجديدة,1,الحي الرابع مشروع بيت الوطن,4,الحى الرابع - مشروع بيت الوطن,1,Q, 261 , 450 , 1.020 , 1 
1,5,القاهرة الجديدة,1,الحي الرابع مشروع بيت الوطن,4,الحى الرابع - مشروع بيت الوطن,1,Q, 262 , 450 , 1.020 , 1 
1,5,القاهرة الجديدة,1,الحي الرابع مشروع بيت الوطن,4,الحى الرابع - مشروع بيت الوطن,1,Q, 263 , 450 , 1.020 , 1 
1,5,القاهرة الجديدة,1,الحي الرابع مشروع بيت الوطن,4,الحى الرابع - مشروع بيت الوطن,1,Q, 264 , 450 , 1.020 , 1 
1,5,القاهرة الجديدة,1,الحي الرابع مشروع بيت الوطن,4,الحى الرابع - مشروع بيت الوطن,1,Q, 265 , 450 , 1.020 , 1 
1,5,القاهرة الجديدة,1,الحي الرابع مشروع بيت الوطن,4,الحى الرابع - مشروع بيت الوطن,1,Q, 266 , 450 , 1.080 , 1 
1,5,القاهرة الجديدة,1,الحي الرابع مشروع بيت الوطن,4,الحى الرابع - مشروع بيت الوطن,1,Q, 267 , 475 , 1.080 , 1 
1,5,القاهرة الجديدة,1,الحي الرابع مشروع بيت الوطن,4,الحى الرابع - مشروع بيت الوطن,1,Q, 268 , 450 , 1.060 , 1 
1,5,القاهرة الجديدة,1,الحي الرابع مشروع بيت الوطن,4,الحى الرابع - مشروع بيت الوطن,1,Q, 269 , 450 , 1.060 , 1 
1,5,القاهرة الجديدة,1,الحي الرابع مشروع بيت الوطن,4,الحى الرابع - مشروع بيت الوطن,1,Q, 270 , 475 , 1.060 , 1 
1,5,القاهرة الجديدة,1,الحي الرابع مشروع بيت الوطن,4,الحى الرابع - مشروع بيت الوطن,1,Q, 271 , 612 , 1.060 , 1 
1,5,القاهرة الجديدة,1,الحي الرابع مشروع بيت الوطن,4,الحى الرابع - مشروع بيت الوطن,1,Q, 272 , 604 , 1.060 , 1 
1,5,القاهرة الجديدة,1,الحي الرابع مشروع بيت الوطن,4,الحى الرابع - مشروع بيت الوطن,1,Q, 273 , 450 , 1.100 , 1 
1,5,القاهرة الجديدة,1,الحي الرابع مشروع بيت الوطن,4,الحى الرابع - مشروع بيت الوطن,1,Q, 274 , 450 , 1.100 , 1 
1,5,القاهرة الجديدة,1,الحي الرابع مشروع بيت الوطن,4,الحى الرابع - مشروع بيت الوطن,1,Q, 275 , 450 , 1.100 , 1 
1,5,القاهرة الجديدة,1,الحي الرابع مشروع بيت الوطن,4,الحى الرابع - مشروع بيت الوطن,1,Q, 276 , 469 , 1.100 , 1 
1,5,القاهرة الجديدة,1,الحي الرابع مشروع بيت الوطن,4,الحى الرابع - مشروع بيت الوطن,1,Q, 277 , 655 , 1.100 , 1 
1,5,القاهرة الجديدة,1,الحي الرابع مشروع بيت الوطن,4,الحى الرابع - مشروع بيت الوطن,1,Q, 278 , 615 , 1.120 , 1 
1,5,القاهرة الجديدة,1,الحي الرابع مشروع بيت الوطن,4,الحى الرابع - مشروع بيت الوطن,1,Q, 279 , 450 , 1.120 , 1 
1,5,القاهرة الجديدة,1,الحي الرابع مشروع بيت الوطن,4,الحى الرابع - مشروع بيت الوطن,1,Q, 280 , 450 , 1.060 , 1 
1,5,القاهرة الجديدة,1,الحي الرابع مشروع بيت الوطن,4,الحى الرابع - مشروع بيت الوطن,1,Q, 281 , 450 , 1.060 , 1 
1,5,القاهرة الجديدة,1,الحي الرابع مشروع بيت الوطن,4,الحى الرابع - مشروع بيت الوطن,1,Q, 282 , 450 , 1.060 , 1 
1,5,القاهرة الجديدة,1,الحي الرابع مشروع بيت الوطن,4,الحى الرابع - مشروع بيت الوطن,1,Q, 283 , 450 , 1.060 , 1 
1,5,القاهرة الجديدة,1,الحي الرابع مشروع بيت الوطن,4,الحى الرابع - مشروع بيت الوطن,1,Q, 284 , 450 , 1.060 , 1 
1,5,القاهرة الجديدة,1,الحي الرابع مشروع بيت الوطن,4,الحى الرابع - مشروع بيت الوطن,1,Q, 285 , 450 , 1.060 , 1 
1,5,القاهرة الجديدة,1,الحي الرابع مشروع بيت الوطن,4,الحى الرابع - مشروع بيت الوطن,1,Q, 286 , 494 , 1.120 , 1 
1,5,القاهرة الجديدة,1,الحي الرابع مشروع بيت الوطن,4,الحى الرابع - مشروع بيت الوطن,1,Q, 287 , 441 , 1.080 , 1 
1,5,القاهرة الجديدة,1,الحي الرابع مشروع بيت الوطن,4,الحى الرابع - مشروع بيت الوطن,1,Q, 288 , 449 , 1.020 , 1 
1,5,القاهرة الجديدة,1,الحي الرابع مشروع بيت الوطن,4,الحى الرابع - مشروع بيت الوطن,1,Q, 289 , 449 , 1.020 , 1 
1,5,القاهرة الجديدة,1,الحي الرابع مشروع بيت الوطن,4,الحى الرابع - مشروع بيت الوطن,1,Q, 290 , 449 , 1.020 , 1 
1,5,القاهرة الجديدة,1,الحي الرابع مشروع بيت الوطن,4,الحى الرابع - مشروع بيت الوطن,1,Q, 291 , 449 , 1.040 , 1 
1,5,القاهرة الجديدة,1,الحي الرابع مشروع بيت الوطن,4,الحى الرابع - مشروع بيت الوطن,1,Q, 292 , 449 , 1.040 , 1 
1,5,القاهرة الجديدة,1,الحي الرابع مشروع بيت الوطن,4,الحى الرابع - مشروع بيت الوطن,1,Q, 293 , 449 , 1.020 , 1 
1,5,القاهرة الجديدة,1,الحي الرابع مشروع بيت الوطن,4,الحى الرابع - مشروع بيت الوطن,1,Q, 294 , 449 , 1.020 , 1 
1,5,القاهرة الجديدة,1,الحي الرابع مشروع بيت الوطن,4,الحى الرابع - مشروع بيت الوطن,1,Q, 295 , 519 , 1.020 , 1 
1,5,القاهرة الجديدة,1,الحي الرابع مشروع بيت الوطن,4,الحى الرابع - مشروع بيت الوطن,1,Q, 296 , 538 , 1.040 , 1 
1,5,القاهرة الجديدة,1,الحي الرابع مشروع بيت الوطن,4,الحى الرابع - مشروع بيت الوطن,1,Q, 297 , 537 , 1.040 , 1 
1,5,القاهرة الجديدة,1,الحي الرابع مشروع بيت الوطن,4,الحى الرابع - مشروع بيت الوطن,1,Q, 298 , 450 , 1.060 , 1 
1,5,القاهرة الجديدة,1,الحي الرابع مشروع بيت الوطن,4,الحى الرابع - مشروع بيت الوطن,1,Q, 299 , 588 , 1.080 , 1 
1,5,القاهرة الجديدة,1,الحي الرابع مشروع بيت الوطن,4,الحى الرابع - مشروع بيت الوطن,1,Q, 300 , 547 , 1.080 , 1 
1,5,القاهرة الجديدة,1,الحي الرابع مشروع بيت الوطن,4,الحى الرابع - مشروع بيت الوطن,1,Q, 301 , 530 , 1.080 , 1 
1,5,القاهرة الجديدة,1,الحي الرابع مشروع بيت الوطن,4,الحى الرابع - مشروع بيت الوطن,1,Q, 302 , 450 , 1.080 , 1 
1,5,القاهرة الجديدة,1,الحي الرابع مشروع بيت الوطن,4,الحى الرابع - مشروع بيت الوطن,1,Q, 303 , 450 , 1.060 , 1 
1,5,القاهرة الجديدة,1,الحي الرابع مشروع بيت الوطن,4,الحى الرابع - مشروع بيت الوطن,1,Q, 304 , 450 , 1.060 , 1 
1,5,القاهرة الجديدة,1,الحي الرابع مشروع بيت الوطن,4,الحى الرابع - مشروع بيت الوطن,1,Q, 305 , 450 , 1.060 , 1 
1,5,القاهرة الجديدة,1,الحي الرابع مشروع بيت الوطن,4,الحى الرابع - مشروع بيت الوطن,1,Q, 306 , 450 , 1.060 , 1 
1,5,القاهرة الجديدة,1,الحي الرابع مشروع بيت الوطن,4,الحى الرابع - مشروع بيت الوطن,1,Q, 307 , 512 , 1.120 , 1 
1,5,القاهرة الجديدة,1,الحي الرابع مشروع بيت الوطن,4,الحى الرابع - مشروع بيت الوطن,1,Q, 308 , 469 , 1.120 , 1 
1,5,القاهرة الجديدة,1,الحي الرابع مشروع بيت الوطن,4,الحى الرابع - مشروع بيت الوطن,1,Q, 309 , 450 , 1.020 , 1 
1,5,القاهرة الجديدة,1,الحي الرابع مشروع بيت الوطن,4,الحى الرابع - مشروع بيت الوطن,1,Q, 310 , 450 , 1.020 , 1 
1,5,القاهرة الجديدة,1,الحي الرابع مشروع بيت الوطن,4,الحى الرابع - مشروع بيت الوطن,1,Q, 311 , 450 , 1.020 , 1 
1,5,القاهرة الجديدة,1,الحي الرابع مشروع بيت الوطن,4,الحى الرابع - مشروع بيت الوطن,1,Q, 312 , 450 , 1.020 , 1 
1,5,القاهرة الجديدة,1,الحي الرابع مشروع بيت الوطن,4,الحى الرابع - مشروع بيت الوطن,1,Q, 313 , 450 , 1.040 , 1 
1,5,القاهرة الجديدة,1,الحي الرابع مشروع بيت الوطن,4,الحى الرابع - مشروع بيت الوطن,1,Q, 314 , 588 , 1.040 , 1 
1,5,القاهرة الجديدة,1,الحي الرابع مشروع بيت الوطن,4,الحى الرابع - مشروع بيت الوطن,1,Q, 315 , 629 , 1.020 , 1 
1,5,القاهرة الجديدة,1,الحي الرابع مشروع بيت الوطن,4,الحى الرابع - مشروع بيت الوطن,1,Q, 316 , 450 , 1.020 , 1 
1,5,القاهرة الجديدة,1,الحي الرابع مشروع بيت الوطن,4,الحى الرابع - مشروع بيت الوطن,1,Q, 317 , 580 , 1.020 , 1 
1,5,القاهرة الجديدة,1,الحي الرابع مشروع بيت الوطن,4,الحى الرابع - مشروع بيت الوطن,1,Q, 318 , 584 , 1.060 , 1 
1,5,القاهرة الجديدة,1,الحي الرابع مشروع بيت الوطن,4,الحى الرابع - مشروع بيت الوطن,1,Q, 319 , 451 , 1.060 , 1 
1,5,القاهرة الجديدة,1,الحي الرابع مشروع بيت الوطن,4,الحى الرابع - مشروع بيت الوطن,1,Q, 320 , 451 , 1.060 , 1 
1,5,القاهرة الجديدة,1,الحي الرابع مشروع بيت الوطن,4,الحى الرابع - مشروع بيت الوطن,1,Q, 321 , 451 , 1.080 , 1 
1,5,القاهرة الجديدة,1,الحي الرابع مشروع بيت الوطن,4,الحى الرابع - مشروع بيت الوطن,1,Q, 322 , 451 , 1.080 , 1 
1,5,القاهرة الجديدة,1,الحي الرابع مشروع بيت الوطن,4,الحى الرابع - مشروع بيت الوطن,1,Q, 323 , 451 , 1.060 , 1 
1,5,القاهرة الجديدة,1,الحي الرابع مشروع بيت الوطن,4,الحى الرابع - مشروع بيت الوطن,1,Q, 324 , 451 , 1.060 , 1 
1,5,القاهرة الجديدة,1,الحي الرابع مشروع بيت الوطن,4,الحى الرابع - مشروع بيت الوطن,1,Q, 325 , 451 , 1.060 , 1 
1,5,القاهرة الجديدة,1,الحي الرابع مشروع بيت الوطن,4,الحى الرابع - مشروع بيت الوطن,1,Q, 326 , 455 , 1.120 , 1 
1,5,القاهرة الجديدة,1,الحي الرابع مشروع بيت الوطن,4,الحى الرابع - مشروع بيت الوطن,1,Q, 327 , 482 , 1.080 , 1 
1,5,القاهرة الجديدة,1,الحي الرابع مشروع بيت الوطن,4,الحى الرابع - مشروع بيت الوطن,1,Q, 328 , 416 , 1.020 , 1 
1,5,القاهرة الجديدة,1,الحي الرابع مشروع بيت الوطن,4,الحى الرابع - مشروع بيت الوطن,1,Q, 329 , 416 , 1.020 , 1 
1,5,القاهرة الجديدة,1,الحي الرابع مشروع بيت الوطن,4,الحى الرابع - مشروع بيت الوطن,1,Q, 330 , 416 , 1.020 , 1 
1,5,القاهرة الجديدة,1,الحي الرابع مشروع بيت الوطن,4,الحى الرابع - مشروع بيت الوطن,1,Q, 331 , 433 , 1.040 , 1 
1,5,القاهرة الجديدة,1,الحي الرابع مشروع بيت الوطن,4,الحى الرابع - مشروع بيت الوطن,1,Q, 332 , 438 , 1.040 , 1 
1,5,القاهرة الجديدة,1,الحي الرابع مشروع بيت الوطن,4,الحى الرابع - مشروع بيت الوطن,1,Q, 333 , 431 , 1.020 , 1 
1,5,القاهرة الجديدة,1,الحي الرابع مشروع بيت الوطن,4,الحى الرابع - مشروع بيت الوطن,1,Q, 334 , 431 , 1.020 , 1 
1,5,القاهرة الجديدة,1,الحي الرابع مشروع بيت الوطن,4,الحى الرابع - مشروع بيت الوطن,1,Q, 335 , 431 , 1.020 , 1 
1,5,القاهرة الجديدة,1,الحي الرابع مشروع بيت الوطن,4,الحى الرابع - مشروع بيت الوطن,1,Q, 336 , 490 , 1.060 , 1 
1,5,القاهرة الجديدة,1,الحي الرابع مشروع بيت الوطن,4,الحى الرابع - مشروع بيت الوطن,1,Q, 337 , 780 , 1.120 , 1 
1,5,القاهرة الجديدة,1,الحي الرابع مشروع بيت الوطن,4,الحى الرابع - مشروع بيت الوطن,1,Q, 338 , 438 , 1.060 , 1 
1,5,القاهرة الجديدة,1,الحي الرابع مشروع بيت الوطن,4,الحى الرابع - مشروع بيت الوطن,1,Q, 339 , 431 , 1.100 , 1 
1,5,القاهرة الجديدة,1,الحي الرابع مشروع بيت الوطن,4,الحى الرابع - مشروع بيت الوطن,1,Q, 340 , 431 , 1.100 , 1 
1,5,القاهرة الجديدة,1,الحي الرابع مشروع بيت الوطن,4,الحى الرابع - مشروع بيت الوطن,1,Q, 341 , 431 , 1.100 , 1 
1,5,القاهرة الجديدة,1,الحي الرابع مشروع بيت الوطن,4,الحى الرابع - مشروع بيت الوطن,1,Q, 342 , 438 , 1.120 , 1 
1,5,القاهرة الجديدة,1,الحي الرابع مشروع بيت الوطن,4,الحى الرابع - مشروع بيت الوطن,1,Q, 343 , 441 , 1.120 , 1 
1,5,القاهرة الجديدة,1,الحي الرابع مشروع بيت الوطن,4,الحى الرابع - مشروع بيت الوطن,1,Q, 344 , 418 , 1.100 , 1 
1,5,القاهرة الجديدة,1,الحي الرابع مشروع بيت الوطن,4,الحى الرابع - مشروع بيت الوطن,1,Q, 345 , 418 , 1.100 , 1 
1,5,القاهرة الجديدة,1,الحي الرابع مشروع بيت الوطن,4,الحى الرابع - مشروع بيت الوطن,1,Q, 346 , 418 , 1.100 , 1 
1,5,القاهرة الجديدة,1,الحي الرابع مشروع بيت الوطن,4,الحى الرابع - مشروع بيت الوطن,1,Q, 347 , 496 , 1.160 , 1 
1,5,القاهرة الجديدة,1,الحي الرابع مشروع بيت الوطن,4,الحى الرابع - مشروع بيت الوطن,1,Q, 348 , 491 , 1.120 , 1 
1,5,القاهرة الجديدة,1,الحي الرابع مشروع بيت الوطن,4,الحى الرابع - مشروع بيت الوطن,1,Q, 349 , 425 , 1.060 , 1 
1,5,القاهرة الجديدة,1,الحي الرابع مشروع بيت الوطن,4,الحى الرابع - مشروع بيت الوطن,1,Q, 350 , 425 , 1.060 , 1 
1,5,القاهرة الجديدة,1,الحي الرابع مشروع بيت الوطن,4,الحى الرابع - مشروع بيت الوطن,1,Q, 351 , 425 , 1.060 , 1 
1,5,القاهرة الجديدة,1,الحي الرابع مشروع بيت الوطن,4,الحى الرابع - مشروع بيت الوطن,1,Q, 352 , 423 , 1.160 , 1 
1,5,القاهرة الجديدة,1,الحي الرابع مشروع بيت الوطن,4,الحى الرابع - مشروع بيت الوطن,1,Q, 353 , 465 , 1.120 , 1 
1,5,القاهرة الجديدة,1,الحي الرابع مشروع بيت الوطن,4,الحى الرابع - مشروع بيت الوطن,1,Q, 354 , 425 , 1.060 , 1 
1,5,القاهرة الجديدة,1,الحي الرابع مشروع بيت الوطن,4,الحى الرابع - مشروع بيت الوطن,1,Q, 355 , 425 , 1.060 , 1 
1,5,القاهرة الجديدة,1,الحي الرابع مشروع بيت الوطن,4,الحى الرابع - مشروع بيت الوطن,1,Q, 356 , 425 , 1.060 , 1 
1,5,القاهرة الجديدة,1,الحي الرابع مشروع بيت الوطن,4,الحى الرابع - مشروع بيت الوطن,1,Q, 357 , 396 , 1.160 , 1 
24,13,المنيا الجديدة,1,منطقة الــ 150 فدان,150,منطقة 150 فدان,1,الأولى , 1 , 583 , 1.140 , 1 
24,13,المنيا الجديدة,1,منطقة الــ 150 فدان,150,منطقة 150 فدان,1,الأولى , 2 , 583 , 1.100 , 1 
24,13,المنيا الجديدة,1,منطقة الــ 150 فدان,150,منطقة 150 فدان,1,الأولى , 3 , 500 , 1.080 , 1 
24,13,المنيا الجديدة,1,منطقة الــ 150 فدان,150,منطقة 150 فدان,1,الأولى , 4 , 500 , 1.040 , 1 
24,13,المنيا الجديدة,1,منطقة الــ 150 فدان,150,منطقة 150 فدان,1,الأولى , 5 , 500 , 1.080 , 1 
24,13,المنيا الجديدة,1,منطقة الــ 150 فدان,150,منطقة 150 فدان,1,الأولى , 6 , 500 , 1.040 , 1 
24,13,المنيا الجديدة,1,منطقة الــ 150 فدان,150,منطقة 150 فدان,1,الأولى , 7 , 500 , 1.080 , 1 
24,13,المنيا الجديدة,1,منطقة الــ 150 فدان,150,منطقة 150 فدان,1,الأولى , 8 , 500 , 1.040 , 1 
24,13,المنيا الجديدة,1,منطقة الــ 150 فدان,150,منطقة 150 فدان,1,الأولى , 9 , 500 , 1.080 , 1 
24,13,المنيا الجديدة,1,منطقة الــ 150 فدان,150,منطقة 150 فدان,1,الأولى , 10 , 500 , 1.040 , 1 
24,13,المنيا الجديدة,1,منطقة الــ 150 فدان,150,منطقة 150 فدان,1,الأولى , 11 , 500 , 1.080 , 1 
24,13,المنيا الجديدة,1,منطقة الــ 150 فدان,150,منطقة 150 فدان,1,الأولى , 12 , 500 , 1.040 , 1 
24,13,المنيا الجديدة,1,منطقة الــ 150 فدان,150,منطقة 150 فدان,1,الأولى , 13 , 500 , 1.080 , 1 
24,13,المنيا الجديدة,1,منطقة الــ 150 فدان,150,منطقة 150 فدان,1,الأولى , 14 , 500 , 1.040 , 1 
24,13,المنيا الجديدة,1,منطقة الــ 150 فدان,150,منطقة 150 فدان,1,الأولى , 15 , 369 , 1.140 , 1 
24,13,المنيا الجديدة,1,منطقة الــ 150 فدان,150,منطقة 150 فدان,1,الأولى , 16 , 489 , 1.140 , 1 
24,13,المنيا الجديدة,1,منطقة الــ 150 فدان,150,منطقة 150 فدان,1,الأولى , 17 , 481 , 1.140 , 1 
24,13,المنيا الجديدة,1,منطقة الــ 150 فدان,150,منطقة 150 فدان,1,الأولى , 18 , 576 , 1.100 , 1 
24,13,المنيا الجديدة,1,منطقة الــ 150 فدان,150,منطقة 150 فدان,1,الأولى , 19 , 450 , 1.080 , 1 
24,13,المنيا الجديدة,1,منطقة الــ 150 فدان,150,منطقة 150 فدان,1,الأولى , 20 , 450 , 1.040 , 1 
24,13,المنيا الجديدة,1,منطقة الــ 150 فدان,150,منطقة 150 فدان,1,الأولى , 21 , 450 , 1.080 , 1 
24,13,المنيا الجديدة,1,منطقة الــ 150 فدان,150,منطقة 150 فدان,1,الأولى , 22 , 450 , 1.080 , 1 
24,13,المنيا الجديدة,1,منطقة الــ 150 فدان,150,منطقة 150 فدان,1,الأولى , 23 , 450 , 1.080 , 1 
24,13,المنيا الجديدة,1,منطقة الــ 150 فدان,150,منطقة 150 فدان,1,الأولى , 24 , 450 , 1.080 , 1 
24,13,المنيا الجديدة,1,منطقة الــ 150 فدان,150,منطقة 150 فدان,1,الأولى , 25 , 450 , 1.080 , 1 
24,13,المنيا الجديدة,1,منطقة الــ 150 فدان,150,منطقة 150 فدان,1,الأولى , 26 , 450 , 1.080 , 1 
24,13,المنيا الجديدة,1,منطقة الــ 150 فدان,150,منطقة 150 فدان,1,الأولى , 27 , 450 , 1.080 , 1 
24,13,المنيا الجديدة,1,منطقة الــ 150 فدان,150,منطقة 150 فدان,1,الأولى , 28 , 450 , 1.080 , 1 
24,13,المنيا الجديدة,1,منطقة الــ 150 فدان,150,منطقة 150 فدان,1,الأولى , 29 , 450 , 1.080 , 1 
24,13,المنيا الجديدة,1,منطقة الــ 150 فدان,150,منطقة 150 فدان,1,الأولى , 30 , 450 , 1.080 , 1 
24,13,المنيا الجديدة,1,منطقة الــ 150 فدان,150,منطقة 150 فدان,1,الأولى , 31 , 450 , 1.080 , 1 
24,13,المنيا الجديدة,1,منطقة الــ 150 فدان,150,منطقة 150 فدان,1,الأولى , 32 , 450 , 1.080 , 1 
24,13,المنيا الجديدة,1,منطقة الــ 150 فدان,150,منطقة 150 فدان,1,الأولى , 33 , 450 , 1.080 , 1 
24,13,المنيا الجديدة,1,منطقة الــ 150 فدان,150,منطقة 150 فدان,1,الأولى , 34 , 450 , 1.080 , 1 
24,13,المنيا الجديدة,1,منطقة الــ 150 فدان,150,منطقة 150 فدان,1,الأولى , 35 , 458 , 1.140 , 1 
24,13,المنيا الجديدة,1,منطقة الــ 150 فدان,150,منطقة 150 فدان,1,الأولى , 36 , 457 , 1.100 , 1 
24,13,المنيا الجديدة,1,منطقة الــ 150 فدان,150,منطقة 150 فدان,1,الأولى , 37 , 465 , 1.140 , 1 
24,13,المنيا الجديدة,1,منطقة الــ 150 فدان,150,منطقة 150 فدان,1,الأولى , 38 , 457 , 1.140 , 1 
24,13,المنيا الجديدة,1,منطقة الــ 150 فدان,150,منطقة 150 فدان,1,الأولى , 39 , 477 , 1.080 , 1 
24,13,المنيا الجديدة,1,منطقة الــ 150 فدان,150,منطقة 150 فدان,1,الأولى , 40 , 506 , 1.080 , 1 
24,13,المنيا الجديدة,1,منطقة الــ 150 فدان,150,منطقة 150 فدان,1,الأولى , 41 , 507 , 1.080 , 1 
24,13,المنيا الجديدة,1,منطقة الــ 150 فدان,150,منطقة 150 فدان,1,الأولى , 42 , 506 , 1.080 , 1 
24,13,المنيا الجديدة,1,منطقة الــ 150 فدان,150,منطقة 150 فدان,1,الأولى , 43 , 524 , 1.080 , 1 
24,13,المنيا الجديدة,1,منطقة الــ 150 فدان,150,منطقة 150 فدان,1,الأولى , 44 , 506 , 1.080 , 1 
24,13,المنيا الجديدة,1,منطقة الــ 150 فدان,150,منطقة 150 فدان,1,الأولى , 45 , 556 , 1.080 , 1 
24,13,المنيا الجديدة,1,منطقة الــ 150 فدان,150,منطقة 150 فدان,1,الأولى , 46 , 496 , 1.040 , 1 
24,13,المنيا الجديدة,1,منطقة الــ 150 فدان,150,منطقة 150 فدان,1,الأولى , 47 , 469 , 1.080 , 1 
24,13,المنيا الجديدة,1,منطقة الــ 150 فدان,150,منطقة 150 فدان,1,الأولى , 48 , 557 , 1.040 , 1 
24,13,المنيا الجديدة,1,منطقة الــ 150 فدان,150,منطقة 150 فدان,1,الأولى , 49 , 469 , 1.080 , 1 
24,13,المنيا الجديدة,1,منطقة الــ 150 فدان,150,منطقة 150 فدان,1,الأولى , 50 , 469 , 1.040 , 1 
24,13,المنيا الجديدة,1,منطقة الــ 150 فدان,150,منطقة 150 فدان,1,الأولى , 51 , 469 , 1.080 , 1 
24,13,المنيا الجديدة,1,منطقة الــ 150 فدان,150,منطقة 150 فدان,1,الأولى , 52 , 469 , 1.040 , 1 
24,13,المنيا الجديدة,1,منطقة الــ 150 فدان,150,منطقة 150 فدان,1,الأولى , 53 , 469 , 1.080 , 1 
24,13,المنيا الجديدة,1,منطقة الــ 150 فدان,150,منطقة 150 فدان,1,الأولى , 54 , 469 , 1.040 , 1 
24,13,المنيا الجديدة,1,منطقة الــ 150 فدان,150,منطقة 150 فدان,1,الأولى , 55 , 452 , 1.140 , 1 
24,13,المنيا الجديدة,1,منطقة الــ 150 فدان,150,منطقة 150 فدان,1,الأولى , 56 , 469 , 1.040 , 1 
24,13,المنيا الجديدة,1,منطقة الــ 150 فدان,150,منطقة 150 فدان,1,الأولى , 57 , 451 , 1.140 , 1 
24,13,المنيا الجديدة,1,منطقة الــ 150 فدان,150,منطقة 150 فدان,1,الأولى , 58 , 474 , 1.140 , 1 
24,13,المنيا الجديدة,1,منطقة الــ 150 فدان,150,منطقة 150 فدان,1,الأولى , 59 , 474 , 1.140 , 1 
24,13,المنيا الجديدة,1,منطقة الــ 150 فدان,150,منطقة 150 فدان,1,الأولى , 60 , 492 , 1.080 , 1 
24,13,المنيا الجديدة,1,منطقة الــ 150 فدان,150,منطقة 150 فدان,1,الأولى , 61 , 492 , 1.040 , 1 
24,13,المنيا الجديدة,1,منطقة الــ 150 فدان,150,منطقة 150 فدان,1,الأولى , 62 , 492 , 1.080 , 1 
24,13,المنيا الجديدة,1,منطقة الــ 150 فدان,150,منطقة 150 فدان,1,الأولى , 63 , 492 , 1.040 , 1 
24,13,المنيا الجديدة,1,منطقة الــ 150 فدان,150,منطقة 150 فدان,1,الأولى , 64 , 492 , 1.080 , 1 
24,13,المنيا الجديدة,1,منطقة الــ 150 فدان,150,منطقة 150 فدان,1,الأولى , 65 , 492 , 1.040 , 1 
24,13,المنيا الجديدة,1,منطقة الــ 150 فدان,150,منطقة 150 فدان,1,الأولى , 66 , 492 , 1.080 , 1 
24,13,المنيا الجديدة,1,منطقة الــ 150 فدان,150,منطقة 150 فدان,1,الأولى , 67 , 492 , 1.040 , 1 
24,13,المنيا الجديدة,1,منطقة الــ 150 فدان,150,منطقة 150 فدان,1,الأولى , 68 , 492 , 1.080 , 1 
24,13,المنيا الجديدة,1,منطقة الــ 150 فدان,150,منطقة 150 فدان,1,الأولى , 69 , 492 , 1.040 , 1 
24,13,المنيا الجديدة,1,منطقة الــ 150 فدان,150,منطقة 150 فدان,1,الأولى , 70 , 492 , 1.080 , 1 
24,13,المنيا الجديدة,1,منطقة الــ 150 فدان,150,منطقة 150 فدان,1,الأولى , 71 , 492 , 1.040 , 1 
24,13,المنيا الجديدة,1,منطقة الــ 150 فدان,150,منطقة 150 فدان,1,الأولى , 72 , 492 , 1.080 , 1 
24,13,المنيا الجديدة,1,منطقة الــ 150 فدان,150,منطقة 150 فدان,1,الأولى , 73 , 492 , 1.040 , 1 
24,13,المنيا الجديدة,1,منطقة الــ 150 فدان,150,منطقة 150 فدان,1,الأولى , 74 , 492 , 1.120 , 1 
24,13,المنيا الجديدة,1,منطقة الــ 150 فدان,150,منطقة 150 فدان,1,الأولى , 75 , 492 , 1.080 , 1 
24,13,المنيا الجديدة,1,منطقة الــ 150 فدان,150,منطقة 150 فدان,1,الأولى , 76 , 612 , 1.120 , 1 
24,13,المنيا الجديدة,1,منطقة الــ 150 فدان,150,منطقة 150 فدان,1,الأولى , 77 , 512 , 1.120 , 1 
24,13,المنيا الجديدة,1,منطقة الــ 150 فدان,150,منطقة 150 فدان,1,الأولى , 78 , 507 , 1.080 , 1 
24,13,المنيا الجديدة,1,منطقة الــ 150 فدان,150,منطقة 150 فدان,1,الأولى , 79 , 512 , 1.080 , 1 
24,13,المنيا الجديدة,1,منطقة الــ 150 فدان,150,منطقة 150 فدان,1,الأولى , 80 , 477 , 1.080 , 1 
24,13,المنيا الجديدة,1,منطقة الــ 150 فدان,150,منطقة 150 فدان,1,الأولى , 81 , 512 , 1.080 , 1 
24,13,المنيا الجديدة,1,منطقة الــ 150 فدان,150,منطقة 150 فدان,1,الأولى , 82 , 465 , 1.140 , 1 
24,13,المنيا الجديدة,1,منطقة الــ 150 فدان,150,منطقة 150 فدان,1,الأولى , 83 , 564 , 1.080 , 1 
24,13,المنيا الجديدة,1,منطقة الــ 150 فدان,150,منطقة 150 فدان,1,الأولى , 84 , 456 , 1.140 , 1 
24,13,المنيا الجديدة,1,منطقة الــ 150 فدان,150,منطقة 150 فدان,1,الأولى , 85 , 510 , 1.140 , 1 
24,13,المنيا الجديدة,1,منطقة الــ 150 فدان,150,منطقة 150 فدان,1,الأولى , 86 , 510 , 1.100 , 1 
24,13,المنيا الجديدة,1,منطقة الــ 150 فدان,150,منطقة 150 فدان,1,الأولى , 87 , 527 , 1.080 , 1 
24,13,المنيا الجديدة,1,منطقة الــ 150 فدان,150,منطقة 150 فدان,1,الأولى , 88 , 527 , 1.080 , 1 
24,13,المنيا الجديدة,1,منطقة الــ 150 فدان,150,منطقة 150 فدان,1,الأولى , 89 , 527 , 1.080 , 1 
24,13,المنيا الجديدة,1,منطقة الــ 150 فدان,150,منطقة 150 فدان,1,الأولى , 90 , 527 , 1.080 , 1 
24,13,المنيا الجديدة,1,منطقة الــ 150 فدان,150,منطقة 150 فدان,1,الأولى , 91 , 527 , 1.080 , 1 
24,13,المنيا الجديدة,1,منطقة الــ 150 فدان,150,منطقة 150 فدان,1,الأولى , 92 , 527 , 1.080 , 1 
24,13,المنيا الجديدة,1,منطقة الــ 150 فدان,150,منطقة 150 فدان,1,الأولى , 93 , 461 , 1.140 , 1 
24,13,المنيا الجديدة,1,منطقة الــ 150 فدان,150,منطقة 150 فدان,1,الأولى , 94 , 557 , 1.140 , 1 
24,13,المنيا الجديدة,1,منطقة الــ 150 فدان,150,منطقة 150 فدان,1,الأولى , 95 , 483 , 1.180 , 1 
24,13,المنيا الجديدة,1,منطقة الــ 150 فدان,150,منطقة 150 فدان,1,الأولى , 96 , 450 , 1.120 , 1 
24,13,المنيا الجديدة,1,منطقة الــ 150 فدان,150,منطقة 150 فدان,1,الأولى , 97 , 517 , 1.120 , 1 
24,13,المنيا الجديدة,1,منطقة الــ 150 فدان,150,منطقة 150 فدان,1,الأولى , 98 , 506 , 1.120 , 1 
24,13,المنيا الجديدة,1,منطقة الــ 150 فدان,150,منطقة 150 فدان,1,الأولى , 99 , 450 , 1.120 , 1 
24,13,المنيا الجديدة,1,منطقة الــ 150 فدان,150,منطقة 150 فدان,1,الأولى , 100 , 450 , 1.120 , 1 
24,13,المنيا الجديدة,1,منطقة الــ 150 فدان,150,منطقة 150 فدان,1,الأولى , 101 , 450 , 1.120 , 1 
24,13,المنيا الجديدة,1,منطقة الــ 150 فدان,150,منطقة 150 فدان,1,الأولى , 102 , 623 , 1.160 , 1 
24,13,المنيا الجديدة,1,منطقة الــ 150 فدان,150,منطقة 150 فدان,1,الأولى , 103 , 550 , 1.120 , 1 
24,13,المنيا الجديدة,1,منطقة الــ 150 فدان,150,منطقة 150 فدان,1,الأولى , 104 , 545 , 1.180 , 1 
1,4,بدر,1,الحديقة المركزية,1,الحديقة المركزية,1,منطقة (ب) , 3 , 602 , 1.040 , 1 
1,4,بدر,1,الحديقة المركزية,1,الحديقة المركزية,1,منطقة (ب) , 9 , 524 , 1.060 , 1 
1,4,بدر,1,الحديقة المركزية,1,الحديقة المركزية,1,منطقة (ب) , 17 , 580 , 1.060 , 1 
1,4,بدر,1,الحديقة المركزية,1,الحديقة المركزية,1,منطقة (ب) , 20 , 568 , 1.020 , 1 
1,4,بدر,1,الحديقة المركزية,1,الحديقة المركزية,1,منطقة (ب) , 21 , 571 , 1.020 , 1 
1,4,بدر,1,الحديقة المركزية,1,الحديقة المركزية,1,منطقة (ب) , 23 , 577 , 1.020 , 1 
1,4,بدر,1,الحديقة المركزية,1,الحديقة المركزية,1,منطقة (ب) , 28 , 580 , 1.060 , 1 
1,4,بدر,1,الحديقة المركزية,1,الحديقة المركزية,1,منطقة (ب) , 36 , 630 , 1.120 , 1 
1,4,بدر,1,الحديقة المركزية,1,الحديقة المركزية,1,منطقة (ب) , 44 , 630 , 1.120 , 1 
1,4,بدر,1,الحديقة المركزية,1,الحديقة المركزية,1,منطقة (ب) , 49 , 609 , 1.020 , 1 
1,4,بدر,1,الحديقة المركزية,1,الحديقة المركزية,1,منطقة (ب) , 53 , 609 , 1.040 , 1 
1,4,بدر,1,الحديقة المركزية,1,الحديقة المركزية,1,منطقة (ب) , 57 , 609 , 1.060 , 1 
1,4,بدر,1,الحديقة المركزية,1,الحديقة المركزية,1,منطقة (ب) , 59 , 609 , 1.020 , 1 
1,4,بدر,1,الحديقة المركزية,1,الحديقة المركزية,1,منطقة (ب) , 62 , 580 , 1.020 , 1 
1,4,بدر,1,الحديقة المركزية,1,الحديقة المركزية,1,منطقة (ب) , 74 , 646 , 1.100 , 1 
1,4,بدر,1,الحديقة المركزية,1,الحديقة المركزية,1,منطقة (ب) , 78 , 598 , 1.020 , 1 
1,4,بدر,1,الحديقة المركزية,1,الحديقة المركزية,1,منطقة (ب) , 79 , 647 , 1.060 , 1 
1,4,بدر,1,الحديقة المركزية,1,الحديقة المركزية,1,منطقة (ب) , 80 , 591 , 1.100 , 1 
1,4,بدر,1,الحديقة المركزية,1,الحديقة المركزية,1,منطقة (ب) , 83 , 580 , 1.020 , 1 
1,4,بدر,1,الحديقة المركزية,1,الحديقة المركزية,1,منطقة (ب) , 84 , 580 , 1.020 , 1 
1,4,بدر,1,الحديقة المركزية,1,الحديقة المركزية,1,منطقة (ب) , 85 , 580 , 1.020 , 1 
1,4,بدر,1,الحديقة المركزية,1,الحديقة المركزية,1,منطقة (ب) , 94 , 580 , 1.020 , 1 
1,4,بدر,1,الحديقة المركزية,1,الحديقة المركزية,1,منطقة (ب) , 98 , 620 , 1.060 , 1 
11,21,دمياط الجديدة,1,بارك دمياط,1,بارك دمياط,1,بارك دمياط, 1 , 367 , 1.190 , 1 
11,21,دمياط الجديدة,1,بارك دمياط,1,بارك دمياط,1,بارك دمياط, 2 , 431 , 1.120 , 1 
11,21,دمياط الجديدة,1,بارك دمياط,1,بارك دمياط,1,بارك دمياط, 3 , 431 , 1.160 , 1 
11,21,دمياط الجديدة,1,بارك دمياط,1,بارك دمياط,1,بارك دمياط, 4 , 409 , 1.160 , 1 
11,21,دمياط الجديدة,1,بارك دمياط,1,بارك دمياط,1,بارك دمياط, 5 , 404 , 1.160 , 1 
11,21,دمياط الجديدة,1,بارك دمياط,1,بارك دمياط,1,بارك دمياط, 6 , 427 , 1.160 , 1 
11,21,دمياط الجديدة,1,بارك دمياط,1,بارك دمياط,1,بارك دمياط, 7 , 427 , 1.190 , 1 
11,21,دمياط الجديدة,1,بارك دمياط,1,بارك دمياط,1,بارك دمياط, 8 , 425 , 1.190 , 1 
11,21,دمياط الجديدة,1,بارك دمياط,1,بارك دمياط,1,بارك دمياط, 9 , 426 , 1.160 , 1 
11,21,دمياط الجديدة,1,بارك دمياط,1,بارك دمياط,1,بارك دمياط, 10 , 426 , 1.160 , 1 
11,21,دمياط الجديدة,1,بارك دمياط,1,بارك دمياط,1,بارك دمياط, 11 , 426 , 1.160 , 1 
11,21,دمياط الجديدة,1,بارك دمياط,1,بارك دمياط,1,بارك دمياط, 12 , 426 , 1.160 , 1 
11,21,دمياط الجديدة,1,بارك دمياط,1,بارك دمياط,1,بارك دمياط, 13 , 426 , 1.160 , 1 
11,21,دمياط الجديدة,1,بارك دمياط,1,بارك دمياط,1,بارك دمياط, 14 , 435 , 1.160 , 1 
11,21,دمياط الجديدة,1,بارك دمياط,1,بارك دمياط,1,بارك دمياط, 15 , 441 , 1.190 , 1 
11,21,دمياط الجديدة,1,بارك دمياط,1,بارك دمياط,1,بارك دمياط, 16 , 437 , 1.190 , 1 
11,21,دمياط الجديدة,1,بارك دمياط,1,بارك دمياط,1,بارك دمياط, 17 , 437 , 1.160 , 1 
11,21,دمياط الجديدة,1,بارك دمياط,1,بارك دمياط,1,بارك دمياط, 18 , 415 , 1.160 , 1 
11,21,دمياط الجديدة,1,بارك دمياط,1,بارك دمياط,1,بارك دمياط, 19 , 459 , 1.160 , 1 
11,21,دمياط الجديدة,1,بارك دمياط,1,بارك دمياط,1,بارك دمياط, 20 , 437 , 1.160 , 1 
11,21,دمياط الجديدة,1,بارك دمياط,1,بارك دمياط,1,بارك دمياط, 21 , 437 , 1.160 , 1 
11,21,دمياط الجديدة,1,بارك دمياط,1,بارك دمياط,1,بارك دمياط, 22 , 437 , 1.160 , 1 
11,21,دمياط الجديدة,1,بارك دمياط,1,بارك دمياط,1,بارك دمياط, 23 , 442 , 1.190 , 1 
11,21,دمياط الجديدة,1,بارك دمياط,1,بارك دمياط,1,بارك دمياط, 24 , 427 , 1.190 , 1 
11,21,دمياط الجديدة,1,بارك دمياط,1,بارك دمياط,1,بارك دمياط, 25 , 420 , 1.160 , 1 
11,21,دمياط الجديدة,1,بارك دمياط,1,بارك دمياط,1,بارك دمياط, 26 , 411 , 1.160 , 1 
11,21,دمياط الجديدة,1,بارك دمياط,1,بارك دمياط,1,بارك دمياط, 27 , 423 , 1.160 , 1 
11,21,دمياط الجديدة,1,بارك دمياط,1,بارك دمياط,1,بارك دمياط, 28 , 443 , 1.160 , 1 
11,21,دمياط الجديدة,1,بارك دمياط,1,بارك دمياط,1,بارك دمياط, 29 , 448 , 1.160 , 1 
11,21,دمياط الجديدة,1,بارك دمياط,1,بارك دمياط,1,بارك دمياط, 30 , 441 , 1.160 , 1 
11,21,دمياط الجديدة,1,بارك دمياط,1,بارك دمياط,1,بارك دمياط, 31 , 445 , 1.160 , 1 
11,21,دمياط الجديدة,1,بارك دمياط,1,بارك دمياط,1,بارك دمياط, 32 , 443 , 1.160 , 1 
11,21,دمياط الجديدة,1,بارك دمياط,1,بارك دمياط,1,بارك دمياط, 33 , 453 , 1.160 , 1 
11,21,دمياط الجديدة,1,بارك دمياط,1,بارك دمياط,1,بارك دمياط, 34 , 456 , 1.160 , 1 
11,21,دمياط الجديدة,1,بارك دمياط,1,بارك دمياط,1,بارك دمياط, 35 , 455 , 1.160 , 1 
11,21,دمياط الجديدة,1,بارك دمياط,1,بارك دمياط,1,بارك دمياط, 36 , 474 , 1.190 , 1 
11,21,دمياط الجديدة,1,بارك دمياط,1,بارك دمياط,1,بارك دمياط, 37 , 430 , 1.120 , 1 
11,21,دمياط الجديدة,1,بارك دمياط,1,بارك دمياط,1,بارك دمياط, 38 , 432 , 1.060 , 1 
11,21,دمياط الجديدة,1,بارك دمياط,1,بارك دمياط,1,بارك دمياط, 39 , 429 , 1.060 , 1 
11,21,دمياط الجديدة,1,بارك دمياط,1,بارك دمياط,1,بارك دمياط, 40 , 429 , 1.120 , 1 
11,21,دمياط الجديدة,1,بارك دمياط,1,بارك دمياط,1,بارك دمياط, 41 , 425 , 1.120 , 1 
11,21,دمياط الجديدة,1,بارك دمياط,1,بارك دمياط,1,بارك دمياط, 42 , 430 , 1.060 , 1 
11,21,دمياط الجديدة,1,بارك دمياط,1,بارك دمياط,1,بارك دمياط, 43 , 430 , 1.060 , 1 
11,21,دمياط الجديدة,1,بارك دمياط,1,بارك دمياط,1,بارك دمياط, 44 , 430 , 1.120 , 1 
11,21,دمياط الجديدة,1,بارك دمياط,1,بارك دمياط,1,بارك دمياط, 45 , 475 , 1.190 , 1 
11,21,دمياط الجديدة,1,بارك دمياط,1,بارك دمياط,1,بارك دمياط, 46 , 457 , 1.160 , 1 
11,21,دمياط الجديدة,1,بارك دمياط,1,بارك دمياط,1,بارك دمياط, 47 , 457 , 1.160 , 1 
11,21,دمياط الجديدة,1,بارك دمياط,1,بارك دمياط,1,بارك دمياط, 48 , 454 , 1.160 , 1 
11,21,دمياط الجديدة,1,بارك دمياط,1,بارك دمياط,1,بارك دمياط, 49 , 443 , 1.160 , 1 
11,21,دمياط الجديدة,1,بارك دمياط,1,بارك دمياط,1,بارك دمياط, 50 , 448 , 1.160 , 1 
11,21,دمياط الجديدة,1,بارك دمياط,1,بارك دمياط,1,بارك دمياط, 51 , 441 , 1.160 , 1 
11,21,دمياط الجديدة,1,بارك دمياط,1,بارك دمياط,1,بارك دمياط, 52 , 445 , 1.160 , 1 
11,21,دمياط الجديدة,1,بارك دمياط,1,بارك دمياط,1,بارك دمياط, 53 , 437 , 1.160 , 1 
11,21,دمياط الجديدة,1,بارك دمياط,1,بارك دمياط,1,بارك دمياط, 54 , 428 , 1.160 , 1 
11,21,دمياط الجديدة,1,بارك دمياط,1,بارك دمياط,1,بارك دمياط, 55 , 418 , 1.160 , 1 
11,21,دمياط الجديدة,1,بارك دمياط,1,بارك دمياط,1,بارك دمياط, 56 , 421 , 1.190 , 1 
11,21,دمياط الجديدة,1,بارك دمياط,1,بارك دمياط,1,بارك دمياط, 57 , 389 , 1.190 , 1 
11,21,دمياط الجديدة,1,بارك دمياط,1,بارك دمياط,1,بارك دمياط, 58 , 394 , 1.160 , 1 
11,21,دمياط الجديدة,1,بارك دمياط,1,بارك دمياط,1,بارك دمياط, 59 , 423 , 1.160 , 1 
11,21,دمياط الجديدة,1,بارك دمياط,1,بارك دمياط,1,بارك دمياط, 60 , 449 , 1.160 , 1 
11,21,دمياط الجديدة,1,بارك دمياط,1,بارك دمياط,1,بارك دمياط, 61 , 453 , 1.160 , 1 
11,21,دمياط الجديدة,1,بارك دمياط,1,بارك دمياط,1,بارك دمياط, 62 , 456 , 1.160 , 1 
11,21,دمياط الجديدة,1,بارك دمياط,1,بارك دمياط,1,بارك دمياط, 63 , 458 , 1.160 , 1 
11,21,دمياط الجديدة,1,بارك دمياط,1,بارك دمياط,1,بارك دمياط, 64 , 459 , 1.160 , 1 
11,21,دمياط الجديدة,1,بارك دمياط,1,بارك دمياط,1,بارك دمياط, 65 , 459 , 1.160 , 1 
11,21,دمياط الجديدة,1,بارك دمياط,1,بارك دمياط,1,بارك دمياط, 66 , 453 , 1.160 , 1 
11,21,دمياط الجديدة,1,بارك دمياط,1,بارك دمياط,1,بارك دمياط, 67 , 439 , 1.160 , 1 
11,21,دمياط الجديدة,1,بارك دمياط,1,بارك دمياط,1,بارك دمياط, 68 , 439 , 1.160 , 1 
11,21,دمياط الجديدة,1,بارك دمياط,1,بارك دمياط,1,بارك دمياط, 69 , 439 , 1.160 , 1 
11,21,دمياط الجديدة,1,بارك دمياط,1,بارك دمياط,1,بارك دمياط, 70 , 439 , 1.160 , 1 
11,21,دمياط الجديدة,1,بارك دمياط,1,بارك دمياط,1,بارك دمياط, 71 , 440 , 1.160 , 1 
11,21,دمياط الجديدة,1,بارك دمياط,1,بارك دمياط,1,بارك دمياط, 72 , 551 , 1.190 , 1 
11,21,دمياط الجديدة,1,بارك دمياط,1,بارك دمياط,1,بارك دمياط, 73 , 554 , 1.190 , 1 
11,21,دمياط الجديدة,1,بارك دمياط,1,بارك دمياط,1,بارك دمياط, 74 , 450 , 1.160 , 1 
11,21,دمياط الجديدة,1,بارك دمياط,1,بارك دمياط,1,بارك دمياط, 75 , 433 , 1.160 , 1 
11,21,دمياط الجديدة,1,بارك دمياط,1,بارك دمياط,1,بارك دمياط, 76 , 443 , 1.160 , 1 
11,21,دمياط الجديدة,1,بارك دمياط,1,بارك دمياط,1,بارك دمياط, 77 , 442 , 1.160 , 1 
11,21,دمياط الجديدة,1,بارك دمياط,1,بارك دمياط,1,بارك دمياط, 78 , 444 , 1.160 , 1 
11,21,دمياط الجديدة,1,بارك دمياط,1,بارك دمياط,1,بارك دمياط, 79 , 445 , 1.160 , 1 
11,21,دمياط الجديدة,1,بارك دمياط,1,بارك دمياط,1,بارك دمياط, 80 , 446 , 1.160 , 1 
11,21,دمياط الجديدة,1,بارك دمياط,1,بارك دمياط,1,بارك دمياط, 81 , 447 , 1.160 , 1 
11,21,دمياط الجديدة,1,بارك دمياط,1,بارك دمياط,1,بارك دمياط, 82 , 448 , 1.160 , 1 
11,21,دمياط الجديدة,1,بارك دمياط,1,بارك دمياط,1,بارك دمياط, 83 , 375 , 1.190 , 1 
11,21,دمياط الجديدة,1,بارك دمياط,1,بارك دمياط,1,بارك دمياط, 84 , 394 , 1.190 , 1 
11,21,دمياط الجديدة,1,بارك دمياط,1,بارك دمياط,1,بارك دمياط, 85 , 410 , 1.160 , 1 
11,21,دمياط الجديدة,1,بارك دمياط,1,بارك دمياط,1,بارك دمياط, 86 , 410 , 1.160 , 1 
11,21,دمياط الجديدة,1,بارك دمياط,1,بارك دمياط,1,بارك دمياط, 87 , 410 , 1.160 , 1 
11,21,دمياط الجديدة,1,بارك دمياط,1,بارك دمياط,1,بارك دمياط, 88 , 410 , 1.160 , 1 
11,21,دمياط الجديدة,1,بارك دمياط,1,بارك دمياط,1,بارك دمياط, 89 , 410 , 1.160 , 1 
11,21,دمياط الجديدة,1,بارك دمياط,1,بارك دمياط,1,بارك دمياط, 90 , 410 , 1.160 , 1 
11,21,دمياط الجديدة,1,بارك دمياط,1,بارك دمياط,1,بارك دمياط, 91 , 410 , 1.160 , 1 
11,21,دمياط الجديدة,1,بارك دمياط,1,بارك دمياط,1,بارك دمياط, 92 , 410 , 1.160 , 1 
11,21,دمياط الجديدة,1,بارك دمياط,1,بارك دمياط,1,بارك دمياط, 93 , 410 , 1.160 , 1 
11,21,دمياط الجديدة,1,بارك دمياط,1,بارك دمياط,1,بارك دمياط, 94 , 410 , 1.160 , 1 
11,21,دمياط الجديدة,1,بارك دمياط,1,بارك دمياط,1,بارك دمياط, 95 , 410 , 1.160 , 1 
11,21,دمياط الجديدة,1,بارك دمياط,1,بارك دمياط,1,بارك دمياط, 96 , 410 , 1.160 , 1 
11,21,دمياط الجديدة,1,بارك دمياط,1,بارك دمياط,1,بارك دمياط, 97 , 410 , 1.160 , 1 
11,21,دمياط الجديدة,1,بارك دمياط,1,بارك دمياط,1,بارك دمياط, 98 , 395 , 1.190 , 1 
11,21,دمياط الجديدة,1,بارك دمياط,1,بارك دمياط,1,بارك دمياط, 99 , 430 , 1.160 , 1 
11,21,دمياط الجديدة,1,بارك دمياط,1,بارك دمياط,1,بارك دمياط, 100 , 430 , 1.060 , 1 
11,21,دمياط الجديدة,1,بارك دمياط,1,بارك دمياط,1,بارك دمياط, 101 , 430 , 1.060 , 1 
11,21,دمياط الجديدة,1,بارك دمياط,1,بارك دمياط,1,بارك دمياط, 102 , 430 , 1.120 , 1 
11,21,دمياط الجديدة,1,بارك دمياط,1,بارك دمياط,1,بارك دمياط, 103 , 430 , 1.120 , 1 
11,21,دمياط الجديدة,1,بارك دمياط,1,بارك دمياط,1,بارك دمياط, 104 , 428 , 1.060 , 1 
11,21,دمياط الجديدة,1,بارك دمياط,1,بارك دمياط,1,بارك دمياط, 105 , 432 , 1.060 , 1 
11,21,دمياط الجديدة,1,بارك دمياط,1,بارك دمياط,1,بارك دمياط, 106 , 430 , 1.160 , 1 
11,21,دمياط الجديدة,1,بارك دمياط,1,بارك دمياط,1,بارك دمياط, 107 , 424 , 1.190 , 1 
11,21,دمياط الجديدة,1,بارك دمياط,1,بارك دمياط,1,بارك دمياط, 108 , 440 , 1.120 , 1 
11,21,دمياط الجديدة,1,بارك دمياط,1,بارك دمياط,1,بارك دمياط, 109 , 453 , 1.160 , 1 
11,21,دمياط الجديدة,1,بارك دمياط,1,بارك دمياط,1,بارك دمياط, 110 , 485 , 1.160 , 1 
11,21,دمياط الجديدة,1,بارك دمياط,1,بارك دمياط,1,بارك دمياط, 111 , 450 , 1.160 , 1 
11,21,دمياط الجديدة,1,بارك دمياط,1,بارك دمياط,1,بارك دمياط, 112 , 463 , 1.160 , 1 
11,21,دمياط الجديدة,1,بارك دمياط,1,بارك دمياط,1,بارك دمياط, 113 , 391 , 1.160 , 1 
11,21,دمياط الجديدة,1,بارك دمياط,1,بارك دمياط,1,بارك دمياط, 114 , 363 , 1.160 , 1 
11,21,دمياط الجديدة,1,بارك دمياط,1,بارك دمياط,1,بارك دمياط, 115 , 368 , 1.190 , 1 
